<?xml version="1.0" encoding="UTF-8"?>
<export>
    <info>
        <creator>Admin</creator>
        <opencms_version>10.5.4</opencms_version>
        <createdate>Mon, 28 Mar 2022 11:07:31 GMT</createdate>
        <infoproject>Offline</infoproject>
        <export_version>7</export_version>
    </info>
    <module>
        <name>com.mediaworx.opencms.ideconnector</name>
        <nicename><![CDATA[Connector for IDEs]]></nicename>
        <group>com.mediaworx.opencms</group>
        <class/>
        <export-mode name="default"/>
        <description><![CDATA[Provides a connector for IDEs like IntelliJ, enables publishing functionality and provides meta data for VFS resources.]]></description>
        <version>2.2.1</version>
        <authorname><![CDATA[Kai Widmann]]></authorname>
        <authoremail><![CDATA[widmann@mediaworx.com]]></authoremail>
        <datecreated/>
        <userinstalled/>
        <dateinstalled/>
        <dependencies/>
        <exportpoints>
            <exportpoint destination="WEB-INF/classes/" uri="/system/modules/com.mediaworx.opencms.ideconnector/classes/"/>
            <exportpoint destination="WEB-INF/lib/" uri="/system/modules/com.mediaworx.opencms.ideconnector/lib/"/>
        </exportpoints>
        <resources>
            <resource uri="/system/modules/com.mediaworx.opencms.ideconnector/"/>
        </resources>
        <excluderesources/>
        <parameters/>
    </module>
    <files>
        <file>
            <destination>system</destination>
            <type>folder</type>
            <uuidstructure>4109a5a7-5f7b-45e3-8623-f10c085f07ca</uuidstructure>
            <datelastmodified>Mon, 28 Mar 2022 10:46:10 GMT</datelastmodified>
            <userlastmodified>Admin</userlastmodified>
            <datecreated>Mon, 28 Mar 2022 10:46:10 GMT</datecreated>
            <usercreated>Admin</usercreated>
            <flags>0</flags>
            <properties/>
            <relations/>
            <accesscontrol>
                <accessentry>
                    <uuidprincipal>ROLE.WORKPLACE_USER</uuidprincipal>
                    <flags>514</flags>
                    <permissionset>
                        <allowed>1</allowed>
                        <denied>0</denied>
                    </permissionset>
                </accessentry>
            </accesscontrol>
        </file>
        <file>
            <destination>system/modules</destination>
            <type>folder</type>
            <uuidstructure>239ff82c-ae3c-4099-bc0a-0dd89e4ac4c8</uuidstructure>
            <datelastmodified>Mon, 28 Mar 2022 10:46:10 GMT</datelastmodified>
            <userlastmodified>Admin</userlastmodified>
            <datecreated>Mon, 28 Mar 2022 10:46:10 GMT</datecreated>
            <usercreated>Admin</usercreated>
            <flags>0</flags>
            <properties/>
            <relations/>
            <accesscontrol>
                <accessentry>
                    <uuidprincipal>ROLE.WORKPLACE_USER</uuidprincipal>
                    <flags>514</flags>
                    <permissionset>
                        <allowed>5</allowed>
                        <denied>0</denied>
                    </permissionset>
                </accessentry>
            </accesscontrol>
        </file>
        <file>
            <destination>system/modules/com.mediaworx.opencms.ideconnector</destination>
            <type>folder</type>
            <uuidstructure>d8f92298-a6db-42fb-a44f-41a96d9d330d</uuidstructure>
            <datelastmodified>Mon, 28 Mar 2022 10:46:10 GMT</datelastmodified>
            <userlastmodified>Admin</userlastmodified>
            <datecreated>Mon, 28 Mar 2022 10:46:10 GMT</datecreated>
            <usercreated>Admin</usercreated>
            <flags>0</flags>
            <properties/>
            <relations/>
            <accesscontrol/>
        </file>
        <file>
            <destination>system/modules/com.mediaworx.opencms.ideconnector/classes</destination>
            <type>folder</type>
            <uuidstructure>ee062800-dc98-4158-845f-f5bb5a6889a1</uuidstructure>
            <datelastmodified>Mon, 28 Mar 2022 10:46:10 GMT</datelastmodified>
            <userlastmodified>Admin</userlastmodified>
            <datecreated>Mon, 28 Mar 2022 10:46:10 GMT</datecreated>
            <usercreated>Admin</usercreated>
            <flags>0</flags>
            <properties/>
            <relations/>
            <accesscontrol/>
        </file>
        <file>
            <destination>system/modules/com.mediaworx.opencms.ideconnector/classes/com</destination>
            <type>folder</type>
            <uuidstructure>c7b09a7d-3387-4ddf-9bfd-577f1491cc3d</uuidstructure>
            <datelastmodified>Mon, 28 Mar 2022 10:46:10 GMT</datelastmodified>
            <userlastmodified>Admin</userlastmodified>
            <datecreated>Mon, 28 Mar 2022 10:46:10 GMT</datecreated>
            <usercreated>Admin</usercreated>
            <flags>0</flags>
            <properties/>
            <relations/>
            <accesscontrol/>
        </file>
        <file>
            <destination>system/modules/com.mediaworx.opencms.ideconnector/classes/com/mediaworx</destination>
            <type>folder</type>
            <uuidstructure>229f5363-ee85-4019-bc8a-e3044dcd8be2</uuidstructure>
            <datelastmodified>Mon, 28 Mar 2022 10:46:10 GMT</datelastmodified>
            <userlastmodified>Admin</userlastmodified>
            <datecreated>Mon, 28 Mar 2022 10:46:10 GMT</datecreated>
            <usercreated>Admin</usercreated>
            <flags>0</flags>
            <properties/>
            <relations/>
            <accesscontrol/>
        </file>
        <file>
            <destination>system/modules/com.mediaworx.opencms.ideconnector/classes/com/mediaworx/opencms</destination>
            <type>folder</type>
            <uuidstructure>fea27857-053e-409d-b49d-3e91565ca1f7</uuidstructure>
            <datelastmodified>Mon, 28 Mar 2022 10:46:10 GMT</datelastmodified>
            <userlastmodified>Admin</userlastmodified>
            <datecreated>Mon, 28 Mar 2022 10:46:10 GMT</datecreated>
            <usercreated>Admin</usercreated>
            <flags>0</flags>
            <properties/>
            <relations/>
            <accesscontrol/>
        </file>
        <file>
            <destination>system/modules/com.mediaworx.opencms.ideconnector/classes/com/mediaworx/opencms/ideconnector</destination>
            <type>folder</type>
            <uuidstructure>18b6f0db-d74d-4007-be78-6b68acac451f</uuidstructure>
            <datelastmodified>Mon, 28 Mar 2022 10:46:10 GMT</datelastmodified>
            <userlastmodified>Admin</userlastmodified>
            <datecreated>Mon, 28 Mar 2022 10:46:10 GMT</datecreated>
            <usercreated>Admin</usercreated>
            <flags>0</flags>
            <properties/>
            <relations/>
            <accesscontrol/>
        </file>
        <file>
            <source>system/modules/com.mediaworx.opencms.ideconnector/classes/com/mediaworx/opencms/ideconnector/MetaXmlHelper.class</source>
            <destination>system/modules/com.mediaworx.opencms.ideconnector/classes/com/mediaworx/opencms/ideconnector/MetaXmlHelper.class</destination>
            <type>binary</type>
            <uuidstructure>a2b1aea5-85b2-4cfe-84e1-01c4f07cf11e</uuidstructure>
            <uuidresource>1545a023-b6d6-4ab3-86eb-b9df5b625a54</uuidresource>
            <datelastmodified>Mon, 28 Mar 2022 11:06:25 GMT</datelastmodified>
            <userlastmodified>Admin</userlastmodified>
            <datecreated>Mon, 28 Mar 2022 11:06:25 GMT</datecreated>
            <usercreated>Admin</usercreated>
            <flags>0</flags>
            <properties/>
            <relations/>
            <accesscontrol/>
        </file>
        <file>
            <destination>system/modules/com.mediaworx.opencms.ideconnector/classes/com/mediaworx/opencms/ideconnector/service</destination>
            <type>folder</type>
            <uuidstructure>a13725fe-70c2-4363-be73-52a08cbbd198</uuidstructure>
            <datelastmodified>Mon, 28 Mar 2022 10:46:10 GMT</datelastmodified>
            <userlastmodified>Admin</userlastmodified>
            <datecreated>Mon, 28 Mar 2022 10:46:10 GMT</datecreated>
            <usercreated>Admin</usercreated>
            <flags>0</flags>
            <properties/>
            <relations/>
            <accesscontrol/>
        </file>
        <file>
            <source>system/modules/com.mediaworx.opencms.ideconnector/classes/com/mediaworx/opencms/ideconnector/service/IDEConnectorService.class</source>
            <destination>system/modules/com.mediaworx.opencms.ideconnector/classes/com/mediaworx/opencms/ideconnector/service/IDEConnectorService.class</destination>
            <type>binary</type>
            <uuidstructure>14d8be17-5232-46af-8af0-4276d0821688</uuidstructure>
            <uuidresource>c945be98-2000-40a9-a6d6-a0c65d0b5795</uuidresource>
            <datelastmodified>Mon, 28 Mar 2022 11:06:26 GMT</datelastmodified>
            <userlastmodified>Admin</userlastmodified>
            <datecreated>Mon, 28 Mar 2022 11:06:26 GMT</datecreated>
            <usercreated>Admin</usercreated>
            <flags>0</flags>
            <properties/>
            <relations/>
            <accesscontrol/>
        </file>
        <file>
            <source>system/modules/com.mediaworx.opencms.ideconnector/classes/com/mediaworx/opencms/ideconnector/OpenCmsIDEConnector.class</source>
            <destination>system/modules/com.mediaworx.opencms.ideconnector/classes/com/mediaworx/opencms/ideconnector/OpenCmsIDEConnector.class</destination>
            <type>binary</type>
            <uuidstructure>92dee929-88d6-46db-af90-dfd7e28e52f7</uuidstructure>
            <uuidresource>cd27272a-a7cb-4cc1-8ea1-1de7b74a4d94</uuidresource>
            <datelastmodified>Mon, 28 Mar 2022 11:06:25 GMT</datelastmodified>
            <userlastmodified>Admin</userlastmodified>
            <datecreated>Mon, 28 Mar 2022 11:06:25 GMT</datecreated>
            <usercreated>Admin</usercreated>
            <flags>0</flags>
            <properties/>
            <relations/>
            <accesscontrol/>
        </file>
        <file>
            <source>system/modules/com.mediaworx.opencms.ideconnector/test.html</source>
            <destination>system/modules/com.mediaworx.opencms.ideconnector/test.html</destination>
            <type>plain</type>
            <uuidstructure>bd9b0dbe-f504-4329-b2fb-937dc5449d97</uuidstructure>
            <uuidresource>65f3cd99-fab1-4a78-8d2d-000c2a383e73</uuidresource>
            <datelastmodified>Mon, 28 Mar 2022 10:46:10 GMT</datelastmodified>
            <userlastmodified>Admin</userlastmodified>
            <datecreated>Mon, 28 Mar 2022 10:46:10 GMT</datecreated>
            <usercreated>Admin</usercreated>
            <flags>0</flags>
            <properties/>
            <relations/>
            <accesscontrol/>
        </file>
        <file>
            <destination>system/modules/com.mediaworx.opencms.ideconnector/lib</destination>
            <type>folder</type>
            <uuidstructure>7358401f-298c-4c7e-812d-0b0c7c569db0</uuidstructure>
            <datelastmodified>Mon, 28 Mar 2022 10:46:10 GMT</datelastmodified>
            <userlastmodified>Admin</userlastmodified>
            <datecreated>Mon, 28 Mar 2022 10:46:10 GMT</datecreated>
            <usercreated>Admin</usercreated>
            <flags>0</flags>
            <properties/>
            <relations/>
            <accesscontrol/>
        </file>
        <file>
            <source>system/modules/com.mediaworx.opencms.ideconnector/lib/jackson-mapper-asl.jar</source>
            <destination>system/modules/com.mediaworx.opencms.ideconnector/lib/jackson-mapper-asl.jar</destination>
            <type>binary</type>
            <uuidstructure>c83ef8b5-eb3b-4716-ab17-5ebb81f49abe</uuidstructure>
            <uuidresource>3c23e8db-e286-40c2-9931-a1fb26f4189d</uuidresource>
            <datelastmodified>Mon, 28 Mar 2022 11:07:31 GMT</datelastmodified>
            <userlastmodified>Admin</userlastmodified>
            <datecreated>Mon, 28 Mar 2022 11:07:31 GMT</datecreated>
            <usercreated>Admin</usercreated>
            <flags>0</flags>
            <properties/>
            <relations/>
            <accesscontrol/>
        </file>
        <file>
            <source>system/modules/com.mediaworx.opencms.ideconnector/lib/jackson-annotations.jar</source>
            <destination>system/modules/com.mediaworx.opencms.ideconnector/lib/jackson-annotations.jar</destination>
            <type>binary</type>
            <uuidstructure>348af94f-e936-478c-a51f-7892c914d4b5</uuidstructure>
            <uuidresource>cd323dc0-d873-406f-ae12-2d14f338643d</uuidresource>
            <datelastmodified>Mon, 28 Mar 2022 10:46:10 GMT</datelastmodified>
            <userlastmodified>Admin</userlastmodified>
            <datecreated>Mon, 28 Mar 2022 10:46:10 GMT</datecreated>
            <usercreated>Admin</usercreated>
            <flags>0</flags>
            <properties/>
            <relations/>
            <accesscontrol/>
        </file>
        <file>
            <source>system/modules/com.mediaworx.opencms.ideconnector/lib/jackson-module-mrbean.jar</source>
            <destination>system/modules/com.mediaworx.opencms.ideconnector/lib/jackson-module-mrbean.jar</destination>
            <type>binary</type>
            <uuidstructure>d3d0effd-196a-4cca-9f99-c7b7e0811ec1</uuidstructure>
            <uuidresource>d2529eb3-1c9a-4c88-8a71-d756780586bd</uuidresource>
            <datelastmodified>Mon, 28 Mar 2022 11:07:31 GMT</datelastmodified>
            <userlastmodified>Admin</userlastmodified>
            <datecreated>Mon, 28 Mar 2022 11:07:31 GMT</datecreated>
            <usercreated>Admin</usercreated>
            <flags>0</flags>
            <properties/>
            <relations/>
            <accesscontrol/>
        </file>
        <file>
            <source>system/modules/com.mediaworx.opencms.ideconnector/lib/asm.jar</source>
            <destination>system/modules/com.mediaworx.opencms.ideconnector/lib/asm.jar</destination>
            <type>binary</type>
            <uuidstructure>85ce0bde-fb23-4ee5-bea3-491817e35942</uuidstructure>
            <uuidresource>dc4f1285-007b-4be0-bb37-2c0faa17cede</uuidresource>
            <datelastmodified>Mon, 28 Mar 2022 10:46:10 GMT</datelastmodified>
            <userlastmodified>Admin</userlastmodified>
            <datecreated>Mon, 28 Mar 2022 10:46:10 GMT</datecreated>
            <usercreated>Admin</usercreated>
            <flags>0</flags>
            <properties/>
            <relations/>
            <accesscontrol/>
        </file>
        <file>
            <source>system/modules/com.mediaworx.opencms.ideconnector/lib/jackson-databind.jar</source>
            <destination>system/modules/com.mediaworx.opencms.ideconnector/lib/jackson-databind.jar</destination>
            <type>binary</type>
            <uuidstructure>36e7706b-b622-4266-b438-9c6de564abaa</uuidstructure>
            <uuidresource>08a49755-62f2-4b75-959f-6082eb082879</uuidresource>
            <datelastmodified>Mon, 28 Mar 2022 11:07:31 GMT</datelastmodified>
            <userlastmodified>Admin</userlastmodified>
            <datecreated>Mon, 28 Mar 2022 11:07:31 GMT</datecreated>
            <usercreated>Admin</usercreated>
            <flags>0</flags>
            <properties/>
            <relations/>
            <accesscontrol/>
        </file>
        <file>
            <source>system/modules/com.mediaworx.opencms.ideconnector/lib/jackson-core.jar</source>
            <destination>system/modules/com.mediaworx.opencms.ideconnector/lib/jackson-core.jar</destination>
            <type>binary</type>
            <uuidstructure>07176c9c-b3c3-480e-8238-1ca3c2a866d8</uuidstructure>
            <uuidresource>a4ec38d7-1dee-43ba-8b79-95e7864420ee</uuidresource>
            <datelastmodified>Mon, 28 Mar 2022 10:46:10 GMT</datelastmodified>
            <userlastmodified>Admin</userlastmodified>
            <datecreated>Mon, 28 Mar 2022 10:46:10 GMT</datecreated>
            <usercreated>Admin</usercreated>
            <flags>0</flags>
            <properties/>
            <relations/>
            <accesscontrol/>
        </file>
        <file>
            <source>system/modules/com.mediaworx.opencms.ideconnector/lib/jackson-core-asl.jar</source>
            <destination>system/modules/com.mediaworx.opencms.ideconnector/lib/jackson-core-asl.jar</destination>
            <type>binary</type>
            <uuidstructure>a7b8597d-095e-4b17-9f0c-35f31d04f2f1</uuidstructure>
            <uuidresource>6ea26c0f-2e9a-4937-84a1-4acad27f6fa3</uuidresource>
            <datelastmodified>Mon, 28 Mar 2022 11:07:31 GMT</datelastmodified>
            <userlastmodified>Admin</userlastmodified>
            <datecreated>Mon, 28 Mar 2022 11:07:31 GMT</datecreated>
            <usercreated>Admin</usercreated>
            <flags>0</flags>
            <properties/>
            <relations/>
            <accesscontrol/>
        </file>
        <file>
            <source>system/modules/com.mediaworx.opencms.ideconnector/lib/jackson-jaxrs-json-provider.jar</source>
            <destination>system/modules/com.mediaworx.opencms.ideconnector/lib/jackson-jaxrs-json-provider.jar</destination>
            <type>binary</type>
            <uuidstructure>d47a32c0-c1de-460b-b5cc-8043c6263ac5</uuidstructure>
            <uuidresource>6ca7458d-7a35-483f-b53b-467b0c55637e</uuidresource>
            <datelastmodified>Mon, 28 Mar 2022 11:07:31 GMT</datelastmodified>
            <userlastmodified>Admin</userlastmodified>
            <datecreated>Mon, 28 Mar 2022 11:07:31 GMT</datecreated>
            <usercreated>Admin</usercreated>
            <flags>0</flags>
            <properties/>
            <relations/>
            <accesscontrol/>
        </file>
        <file>
            <source>system/modules/com.mediaworx.opencms.ideconnector/lib/ideconnector-common.jar</source>
            <destination>system/modules/com.mediaworx.opencms.ideconnector/lib/ideconnector-common.jar</destination>
            <type>binary</type>
            <uuidstructure>66f3a822-2622-4598-829a-e4cb834dfd39</uuidstructure>
            <uuidresource>75efc9e0-fe7a-4617-979c-602189f7afeb</uuidresource>
            <datelastmodified>Mon, 28 Mar 2022 11:07:31 GMT</datelastmodified>
            <userlastmodified>Admin</userlastmodified>
            <datecreated>Mon, 28 Mar 2022 11:07:31 GMT</datecreated>
            <usercreated>Admin</usercreated>
            <flags>0</flags>
            <properties/>
            <relations/>
            <accesscontrol/>
        </file>
        <file>
            <source>system/modules/com.mediaworx.opencms.ideconnector/lib/jackson-module-jaxb-annotations.jar</source>
            <destination>system/modules/com.mediaworx.opencms.ideconnector/lib/jackson-module-jaxb-annotations.jar</destination>
            <type>binary</type>
            <uuidstructure>5568502e-119c-4db6-a833-7437b7f6f4ad</uuidstructure>
            <uuidresource>0ff5188c-8a5e-4c37-a34c-85c2c70827b5</uuidresource>
            <datelastmodified>Mon, 28 Mar 2022 11:07:31 GMT</datelastmodified>
            <userlastmodified>Admin</userlastmodified>
            <datecreated>Mon, 28 Mar 2022 11:07:31 GMT</datecreated>
            <usercreated>Admin</usercreated>
            <flags>0</flags>
            <properties/>
            <relations/>
            <accesscontrol/>
        </file>
        <file>
            <source>system/modules/com.mediaworx.opencms.ideconnector/lib/jackson-jaxrs-base.jar</source>
            <destination>system/modules/com.mediaworx.opencms.ideconnector/lib/jackson-jaxrs-base.jar</destination>
            <type>binary</type>
            <uuidstructure>716d61a5-ea8b-4b97-bba5-ae9cf8cd6821</uuidstructure>
            <uuidresource>dafac202-60a6-4e41-8d38-38c8915dbf31</uuidresource>
            <datelastmodified>Mon, 28 Mar 2022 11:07:31 GMT</datelastmodified>
            <userlastmodified>Admin</userlastmodified>
            <datecreated>Mon, 28 Mar 2022 11:07:31 GMT</datecreated>
            <usercreated>Admin</usercreated>
            <flags>0</flags>
            <properties/>
            <relations/>
            <accesscontrol/>
        </file>
        <file>
            <source>system/modules/com.mediaworx.opencms.ideconnector/connector.jsp</source>
            <destination>system/modules/com.mediaworx.opencms.ideconnector/connector.jsp</destination>
            <type>jsp</type>
            <uuidstructure>f6278b09-651d-4e21-9299-f94dd51324c8</uuidstructure>
            <uuidresource>775cc23d-2097-4e47-8ad6-29d0d8ae545a</uuidresource>
            <datelastmodified>Mon, 28 Mar 2022 10:46:10 GMT</datelastmodified>
            <userlastmodified>Admin</userlastmodified>
            <datecreated>Mon, 28 Mar 2022 10:46:10 GMT</datecreated>
            <usercreated>Admin</usercreated>
            <flags>0</flags>
            <properties>
                <property>
                    <name>content-encoding</name>
                    <value><![CDATA[UTF-8]]></value>
                </property>
                <property type="shared">
                    <name>export</name>
                    <value><![CDATA[false]]></value>
                </property>
            </properties>
            <relations/>
            <accesscontrol/>
        </file>
    </files>
</export>
