<?xml version="1.0" encoding="UTF-8"?>
<export>
    <info>
        <creator>Admin</creator>
        <opencms_version>10.5.4</opencms_version>
        <createdate>Mon, 28 Mar 2022 10:31:27 GMT</createdate>
        <infoproject>Offline</infoproject>
        <export_version>7</export_version>
    </info>
    <module>
        <name>com.mediaworx.opencms.ideconnector</name>
        <nicename><![CDATA[Connector for IDEs]]></nicename>
        <group>com.mediaworx.opencms</group>
        <class/>
        <export-mode name="default"/>
        <description><![CDATA[Provides a connector for IDEs like IntelliJ, enables publishing functionality and provides meta data for VFS resources.]]></description>
        <version>2.2.1</version>
        <authorname><![CDATA[Kai Widmann]]></authorname>
        <authoremail><![CDATA[widmann@mediaworx.com]]></authoremail>
        <datecreated/>
        <userinstalled/>
        <dateinstalled/>
        <dependencies/>
        <exportpoints>
            <exportpoint destination="WEB-INF/classes/" uri="/system/modules/com.mediaworx.opencms.ideconnector/classes/"/>
            <exportpoint destination="WEB-INF/lib/" uri="/system/modules/com.mediaworx.opencms.ideconnector/lib/"/>
        </exportpoints>
        <resources>
            <resource uri="/system/modules/com.mediaworx.opencms.ideconnector/"/>
        </resources>
        <excluderesources/>
        <parameters/>
    </module>
    <files>
        <file>
            <destination>system</destination>
            <type>folder</type>
            <uuidstructure>6dee8d92-8e1f-4694-a72f-521726c1da3a</uuidstructure>
            <datelastmodified>Wed, 11 Aug 2021 22:36:08 GMT</datelastmodified>
            <userlastmodified>Admin</userlastmodified>
            <datecreated>Wed, 11 Aug 2021 22:36:08 GMT</datecreated>
            <usercreated>Admin</usercreated>
            <flags>0</flags>
            <properties/>
            <relations/>
            <accesscontrol>
                <accessentry>
                    <uuidprincipal>ROLE.WORKPLACE_USER</uuidprincipal>
                    <flags>514</flags>
                    <permissionset>
                        <allowed>1</allowed>
                        <denied>0</denied>
                    </permissionset>
                </accessentry>
            </accesscontrol>
        </file>
        <file>
            <destination>system/modules</destination>
            <type>folder</type>
            <uuidstructure>982a91b4-82f7-468f-b6a4-6b3c74f2519d</uuidstructure>
            <datelastmodified>Wed, 11 Aug 2021 22:36:08 GMT</datelastmodified>
            <userlastmodified>Admin</userlastmodified>
            <datecreated>Wed, 11 Aug 2021 22:36:08 GMT</datecreated>
            <usercreated>Admin</usercreated>
            <flags>0</flags>
            <properties/>
            <relations/>
            <accesscontrol>
                <accessentry>
                    <uuidprincipal>ROLE.WORKPLACE_USER</uuidprincipal>
                    <flags>514</flags>
                    <permissionset>
                        <allowed>5</allowed>
                        <denied>0</denied>
                    </permissionset>
                </accessentry>
            </accesscontrol>
        </file>
        <file>
            <destination>system/modules/com.mediaworx.opencms.ideconnector</destination>
            <type>folder</type>
            <uuidstructure>75544ba2-9bf3-49c9-b089-ad83f2e1d8a7</uuidstructure>
            <datelastmodified>Wed, 11 Aug 2021 22:36:08 GMT</datelastmodified>
            <userlastmodified>Admin</userlastmodified>
            <datecreated>Wed, 11 Aug 2021 22:36:08 GMT</datecreated>
            <usercreated>Admin</usercreated>
            <flags>0</flags>
            <properties/>
            <relations/>
            <accesscontrol/>
        </file>
        <file>
            <destination>system/modules/com.mediaworx.opencms.ideconnector/classes</destination>
            <type>folder</type>
            <uuidstructure>2cefc35c-0c80-4222-88bc-905667a937c6</uuidstructure>
            <datelastmodified>Wed, 11 Aug 2021 22:36:08 GMT</datelastmodified>
            <userlastmodified>Admin</userlastmodified>
            <datecreated>Wed, 11 Aug 2021 22:36:08 GMT</datecreated>
            <usercreated>Admin</usercreated>
            <flags>0</flags>
            <properties/>
            <relations/>
            <accesscontrol/>
        </file>
        <file>
            <destination>system/modules/com.mediaworx.opencms.ideconnector/classes/com</destination>
            <type>folder</type>
            <uuidstructure>cfd455a9-df57-4781-adef-2d8b0e7ce8b3</uuidstructure>
            <datelastmodified>Wed, 11 Aug 2021 22:36:08 GMT</datelastmodified>
            <userlastmodified>Admin</userlastmodified>
            <datecreated>Wed, 11 Aug 2021 22:36:08 GMT</datecreated>
            <usercreated>Admin</usercreated>
            <flags>0</flags>
            <properties/>
            <relations/>
            <accesscontrol/>
        </file>
        <file>
            <destination>system/modules/com.mediaworx.opencms.ideconnector/classes/com/mediaworx</destination>
            <type>folder</type>
            <uuidstructure>39f8f082-feb5-4f73-88d3-d9d2da163fac</uuidstructure>
            <datelastmodified>Wed, 11 Aug 2021 22:36:08 GMT</datelastmodified>
            <userlastmodified>Admin</userlastmodified>
            <datecreated>Wed, 11 Aug 2021 22:36:08 GMT</datecreated>
            <usercreated>Admin</usercreated>
            <flags>0</flags>
            <properties/>
            <relations/>
            <accesscontrol/>
        </file>
        <file>
            <destination>system/modules/com.mediaworx.opencms.ideconnector/classes/com/mediaworx/opencms</destination>
            <type>folder</type>
            <uuidstructure>69238eb1-3766-459a-8d09-eb3f689b94d2</uuidstructure>
            <datelastmodified>Wed, 11 Aug 2021 22:36:08 GMT</datelastmodified>
            <userlastmodified>Admin</userlastmodified>
            <datecreated>Wed, 11 Aug 2021 22:36:08 GMT</datecreated>
            <usercreated>Admin</usercreated>
            <flags>0</flags>
            <properties/>
            <relations/>
            <accesscontrol/>
        </file>
        <file>
            <destination>system/modules/com.mediaworx.opencms.ideconnector/classes/com/mediaworx/opencms/ideconnector</destination>
            <type>folder</type>
            <uuidstructure>d3a122d9-5a10-49c5-94c0-40e2d97d94ef</uuidstructure>
            <datelastmodified>Wed, 11 Aug 2021 22:36:08 GMT</datelastmodified>
            <userlastmodified>Admin</userlastmodified>
            <datecreated>Wed, 11 Aug 2021 22:36:08 GMT</datecreated>
            <usercreated>Admin</usercreated>
            <flags>0</flags>
            <properties/>
            <relations/>
            <accesscontrol/>
        </file>
        <file>
            <source>system/modules/com.mediaworx.opencms.ideconnector/classes/com/mediaworx/opencms/ideconnector/MetaXmlHelper.class</source>
            <destination>system/modules/com.mediaworx.opencms.ideconnector/classes/com/mediaworx/opencms/ideconnector/MetaXmlHelper.class</destination>
            <type>binary</type>
            <uuidstructure>9b7ccd6f-78f7-4fe7-b964-ec54a8a05725</uuidstructure>
            <uuidresource>2e0b9744-35ea-4e57-b85b-d00d2e830b64</uuidresource>
            <datelastmodified>Mon, 28 Mar 2022 10:27:18 GMT</datelastmodified>
            <userlastmodified>Admin</userlastmodified>
            <datecreated>Mon, 28 Mar 2022 10:27:18 GMT</datecreated>
            <usercreated>Admin</usercreated>
            <flags>0</flags>
            <properties/>
            <relations/>
            <accesscontrol/>
        </file>
        <file>
            <destination>system/modules/com.mediaworx.opencms.ideconnector/classes/com/mediaworx/opencms/ideconnector/service</destination>
            <type>folder</type>
            <uuidstructure>6dbea62d-8a40-433b-a96b-858fc2986f38</uuidstructure>
            <datelastmodified>Wed, 11 Aug 2021 22:36:08 GMT</datelastmodified>
            <userlastmodified>Admin</userlastmodified>
            <datecreated>Wed, 11 Aug 2021 22:36:08 GMT</datecreated>
            <usercreated>Admin</usercreated>
            <flags>0</flags>
            <properties/>
            <relations/>
            <accesscontrol/>
        </file>
        <file>
            <source>system/modules/com.mediaworx.opencms.ideconnector/classes/com/mediaworx/opencms/ideconnector/service/IDEConnectorService.class</source>
            <destination>system/modules/com.mediaworx.opencms.ideconnector/classes/com/mediaworx/opencms/ideconnector/service/IDEConnectorService.class</destination>
            <type>binary</type>
            <uuidstructure>be98bbde-aef8-4b10-800e-9988c4222b99</uuidstructure>
            <uuidresource>85022531-eed8-431f-9192-3344a6960324</uuidresource>
            <datelastmodified>Mon, 28 Mar 2022 10:27:18 GMT</datelastmodified>
            <userlastmodified>Admin</userlastmodified>
            <datecreated>Mon, 28 Mar 2022 10:27:18 GMT</datecreated>
            <usercreated>Admin</usercreated>
            <flags>0</flags>
            <properties/>
            <relations/>
            <accesscontrol/>
        </file>
        <file>
            <source>system/modules/com.mediaworx.opencms.ideconnector/classes/com/mediaworx/opencms/ideconnector/OpenCmsIDEConnector.class</source>
            <destination>system/modules/com.mediaworx.opencms.ideconnector/classes/com/mediaworx/opencms/ideconnector/OpenCmsIDEConnector.class</destination>
            <type>binary</type>
            <uuidstructure>c5bd1a57-74ee-4fd5-baec-3f04f675d254</uuidstructure>
            <uuidresource>8946168e-acfb-4296-a84e-85fe49a34346</uuidresource>
            <datelastmodified>Mon, 28 Mar 2022 10:27:18 GMT</datelastmodified>
            <userlastmodified>Admin</userlastmodified>
            <datecreated>Mon, 28 Mar 2022 10:27:18 GMT</datecreated>
            <usercreated>Admin</usercreated>
            <flags>0</flags>
            <properties/>
            <relations/>
            <accesscontrol/>
        </file>
        <file>
            <source>system/modules/com.mediaworx.opencms.ideconnector/test.html</source>
            <destination>system/modules/com.mediaworx.opencms.ideconnector/test.html</destination>
            <type>plain</type>
            <uuidstructure>af376868-3d28-4e68-89cf-ce5886b1c9f9</uuidstructure>
            <uuidresource>fab7f817-045c-4866-9f8f-64fc8f6f8bab</uuidresource>
            <datelastmodified>Wed, 11 Aug 2021 22:36:08 GMT</datelastmodified>
            <userlastmodified>Admin</userlastmodified>
            <datecreated>Wed, 11 Aug 2021 22:36:08 GMT</datecreated>
            <usercreated>Admin</usercreated>
            <flags>0</flags>
            <properties/>
            <relations/>
            <accesscontrol/>
        </file>
        <file>
            <destination>system/modules/com.mediaworx.opencms.ideconnector/lib</destination>
            <type>folder</type>
            <uuidstructure>5dca51e2-fa21-48cd-884e-f7b70b0057eb</uuidstructure>
            <datelastmodified>Wed, 11 Aug 2021 22:36:08 GMT</datelastmodified>
            <userlastmodified>Admin</userlastmodified>
            <datecreated>Wed, 11 Aug 2021 22:36:08 GMT</datecreated>
            <usercreated>Admin</usercreated>
            <flags>0</flags>
            <properties/>
            <relations/>
            <accesscontrol/>
        </file>
        <file>
            <source>system/modules/com.mediaworx.opencms.ideconnector/lib/jackson-mapper-asl.jar</source>
            <destination>system/modules/com.mediaworx.opencms.ideconnector/lib/jackson-mapper-asl.jar</destination>
            <type>binary</type>
            <uuidstructure>1a03ba17-6238-4266-a5f8-4ecaab8ac0c2</uuidstructure>
            <uuidresource>496030ed-e1a2-4875-b0b5-cd6d39b56242</uuidresource>
            <datelastmodified>Mon, 28 Mar 2022 10:31:27 GMT</datelastmodified>
            <userlastmodified>Admin</userlastmodified>
            <datecreated>Mon, 28 Mar 2022 10:31:27 GMT</datecreated>
            <usercreated>Admin</usercreated>
            <flags>0</flags>
            <properties/>
            <relations/>
            <accesscontrol/>
        </file>
        <file>
            <source>system/modules/com.mediaworx.opencms.ideconnector/lib/jackson-annotations.jar</source>
            <destination>system/modules/com.mediaworx.opencms.ideconnector/lib/jackson-annotations.jar</destination>
            <type>binary</type>
            <uuidstructure>e6701c1f-6a44-4d7b-9a91-336a5eb1b50f</uuidstructure>
            <uuidresource>f18e5195-ebd3-420c-a833-8ae98efae03e</uuidresource>
            <datelastmodified>Mon, 28 Mar 2022 10:31:27 GMT</datelastmodified>
            <userlastmodified>Admin</userlastmodified>
            <datecreated>Mon, 28 Mar 2022 10:31:27 GMT</datecreated>
            <usercreated>Admin</usercreated>
            <flags>0</flags>
            <properties/>
            <relations/>
            <accesscontrol/>
        </file>
        <file>
            <source>system/modules/com.mediaworx.opencms.ideconnector/lib/jackson-module-mrbean.jar</source>
            <destination>system/modules/com.mediaworx.opencms.ideconnector/lib/jackson-module-mrbean.jar</destination>
            <type>binary</type>
            <uuidstructure>068699a6-753c-48bd-8157-48df4b4fd42c</uuidstructure>
            <uuidresource>2dccff14-6f16-4bbf-80d0-f08c18f147e4</uuidresource>
            <datelastmodified>Mon, 28 Mar 2022 10:31:27 GMT</datelastmodified>
            <userlastmodified>Admin</userlastmodified>
            <datecreated>Mon, 28 Mar 2022 10:31:27 GMT</datecreated>
            <usercreated>Admin</usercreated>
            <flags>0</flags>
            <properties/>
            <relations/>
            <accesscontrol/>
        </file>
        <file>
            <source>system/modules/com.mediaworx.opencms.ideconnector/lib/asm.jar</source>
            <destination>system/modules/com.mediaworx.opencms.ideconnector/lib/asm.jar</destination>
            <type>binary</type>
            <uuidstructure>0e42f39e-3d3e-4873-bc1d-8459b6b0a45d</uuidstructure>
            <uuidresource>825c82d4-5505-423f-910a-ca809f0a606b</uuidresource>
            <datelastmodified>Wed, 11 Aug 2021 22:36:08 GMT</datelastmodified>
            <userlastmodified>Admin</userlastmodified>
            <datecreated>Wed, 11 Aug 2021 22:36:08 GMT</datecreated>
            <usercreated>Admin</usercreated>
            <flags>0</flags>
            <properties/>
            <relations/>
            <accesscontrol/>
        </file>
        <file>
            <source>system/modules/com.mediaworx.opencms.ideconnector/lib/jackson-databind.jar</source>
            <destination>system/modules/com.mediaworx.opencms.ideconnector/lib/jackson-databind.jar</destination>
            <type>binary</type>
            <uuidstructure>dbdf6485-c859-433f-b79a-647ef9f60c23</uuidstructure>
            <uuidresource>d4fd8dae-7cd7-4e36-ac3a-2fc3a8ee5d79</uuidresource>
            <datelastmodified>Mon, 28 Mar 2022 10:31:27 GMT</datelastmodified>
            <userlastmodified>Admin</userlastmodified>
            <datecreated>Mon, 28 Mar 2022 10:31:27 GMT</datecreated>
            <usercreated>Admin</usercreated>
            <flags>0</flags>
            <properties/>
            <relations/>
            <accesscontrol/>
        </file>
        <file>
            <source>system/modules/com.mediaworx.opencms.ideconnector/lib/jackson-core.jar</source>
            <destination>system/modules/com.mediaworx.opencms.ideconnector/lib/jackson-core.jar</destination>
            <type>binary</type>
            <uuidstructure>53d6490b-bf08-44d8-82af-a7e545ad99a2</uuidstructure>
            <uuidresource>74ac5eaf-9fb9-48f9-9830-a9cfef97d175</uuidresource>
            <datelastmodified>Mon, 28 Mar 2022 10:31:27 GMT</datelastmodified>
            <userlastmodified>Admin</userlastmodified>
            <datecreated>Mon, 28 Mar 2022 10:31:27 GMT</datecreated>
            <usercreated>Admin</usercreated>
            <flags>0</flags>
            <properties/>
            <relations/>
            <accesscontrol/>
        </file>
        <file>
            <source>system/modules/com.mediaworx.opencms.ideconnector/lib/jackson-core-asl.jar</source>
            <destination>system/modules/com.mediaworx.opencms.ideconnector/lib/jackson-core-asl.jar</destination>
            <type>binary</type>
            <uuidstructure>43f55e4f-530f-4dc7-9d32-90c1ac28af76</uuidstructure>
            <uuidresource>8d8a5a49-542a-4470-9532-557bcb1b140e</uuidresource>
            <datelastmodified>Mon, 28 Mar 2022 10:31:27 GMT</datelastmodified>
            <userlastmodified>Admin</userlastmodified>
            <datecreated>Mon, 28 Mar 2022 10:31:27 GMT</datecreated>
            <usercreated>Admin</usercreated>
            <flags>0</flags>
            <properties/>
            <relations/>
            <accesscontrol/>
        </file>
        <file>
            <source>system/modules/com.mediaworx.opencms.ideconnector/lib/jackson-jaxrs-json-provider.jar</source>
            <destination>system/modules/com.mediaworx.opencms.ideconnector/lib/jackson-jaxrs-json-provider.jar</destination>
            <type>binary</type>
            <uuidstructure>cbe19424-7bee-46d6-ac91-51aa59abd704</uuidstructure>
            <uuidresource>0f891212-f719-43ce-b5e9-00ba088f202a</uuidresource>
            <datelastmodified>Mon, 28 Mar 2022 10:31:27 GMT</datelastmodified>
            <userlastmodified>Admin</userlastmodified>
            <datecreated>Mon, 28 Mar 2022 10:31:27 GMT</datecreated>
            <usercreated>Admin</usercreated>
            <flags>0</flags>
            <properties/>
            <relations/>
            <accesscontrol/>
        </file>
        <file>
            <source>system/modules/com.mediaworx.opencms.ideconnector/lib/ideconnector-common.jar</source>
            <destination>system/modules/com.mediaworx.opencms.ideconnector/lib/ideconnector-common.jar</destination>
            <type>binary</type>
            <uuidstructure>b75316ee-d406-4c70-b12a-0424d0d4f1ad</uuidstructure>
            <uuidresource>96cd9e55-c7de-4ec2-b54c-828bce0a6e39</uuidresource>
            <datelastmodified>Mon, 28 Mar 2022 10:31:27 GMT</datelastmodified>
            <userlastmodified>Admin</userlastmodified>
            <datecreated>Mon, 28 Mar 2022 10:31:27 GMT</datecreated>
            <usercreated>Admin</usercreated>
            <flags>0</flags>
            <properties/>
            <relations/>
            <accesscontrol/>
        </file>
        <file>
            <source>system/modules/com.mediaworx.opencms.ideconnector/lib/jackson-module-jaxb-annotations.jar</source>
            <destination>system/modules/com.mediaworx.opencms.ideconnector/lib/jackson-module-jaxb-annotations.jar</destination>
            <type>binary</type>
            <uuidstructure>39ad3bec-4a64-4974-be69-81b1c387f63f</uuidstructure>
            <uuidresource>78ba1982-6138-4949-abfb-c09d8ef369d6</uuidresource>
            <datelastmodified>Mon, 28 Mar 2022 10:31:27 GMT</datelastmodified>
            <userlastmodified>Admin</userlastmodified>
            <datecreated>Mon, 28 Mar 2022 10:31:27 GMT</datecreated>
            <usercreated>Admin</usercreated>
            <flags>0</flags>
            <properties/>
            <relations/>
            <accesscontrol/>
        </file>
        <file>
            <source>system/modules/com.mediaworx.opencms.ideconnector/lib/jackson-jaxrs-base.jar</source>
            <destination>system/modules/com.mediaworx.opencms.ideconnector/lib/jackson-jaxrs-base.jar</destination>
            <type>binary</type>
            <uuidstructure>1a27346f-c32d-4866-93bb-758a8c00f860</uuidstructure>
            <uuidresource>52bfc75b-d649-4adc-a4b6-c76dc5b039ec</uuidresource>
            <datelastmodified>Mon, 28 Mar 2022 10:31:27 GMT</datelastmodified>
            <userlastmodified>Admin</userlastmodified>
            <datecreated>Mon, 28 Mar 2022 10:31:27 GMT</datecreated>
            <usercreated>Admin</usercreated>
            <flags>0</flags>
            <properties/>
            <relations/>
            <accesscontrol/>
        </file>
        <file>
            <source>system/modules/com.mediaworx.opencms.ideconnector/connector.jsp</source>
            <destination>system/modules/com.mediaworx.opencms.ideconnector/connector.jsp</destination>
            <type>jsp</type>
            <uuidstructure>6d0cd26a-c125-44c5-8543-1e1c7e979573</uuidstructure>
            <uuidresource>933b7966-2e23-46a3-8284-a63339c99aad</uuidresource>
            <datelastmodified>Wed, 11 Aug 2021 22:36:08 GMT</datelastmodified>
            <userlastmodified>Admin</userlastmodified>
            <datecreated>Wed, 11 Aug 2021 22:36:08 GMT</datecreated>
            <usercreated>Admin</usercreated>
            <flags>0</flags>
            <properties>
                <property>
                    <name>content-encoding</name>
                    <value><![CDATA[UTF-8]]></value>
                </property>
                <property type="shared">
                    <name>export</name>
                    <value><![CDATA[false]]></value>
                </property>
            </properties>
            <relations/>
            <accesscontrol/>
        </file>
    </files>
</export>
