<?xml version="1.0" encoding="UTF-8"?>
<export>
    <info>
        <creator>Admin</creator>
        <opencms_version>10.5.4</opencms_version>
        <createdate>Thu, 11 Jun 2020 08:26:40 GMT</createdate>
        <infoproject>Offline</infoproject>
        <export_version>7</export_version>
    </info>
    <module>
        <name>com.mediaworx.opencms.ideconnector105</name>
        <nicename><![CDATA[Connector for IDEs, OpenCms 10.5 version]]></nicename>
        <group>com.mediaworx.opencms</group>
        <class/>
        <export-mode name="default"/>
        <description><![CDATA[Provides a connector for IDEs like IntelliJ, enables publishing functionality and provides meta data for VFS resources.]]></description>
        <version>2.1</version>
        <authorname><![CDATA[Kai Widmann]]></authorname>
        <authoremail><![CDATA[widmann@mediaworx.com]]></authoremail>
        <datecreated/>
        <userinstalled/>
        <dateinstalled/>
        <dependencies/>
        <exportpoints>
            <exportpoint destination="WEB-INF/classes/" uri="/system/modules/com.mediaworx.opencms.ideconnector105/classes/"/>
            <exportpoint destination="WEB-INF/lib/" uri="/system/modules/com.mediaworx.opencms.ideconnector105/lib/"/>
        </exportpoints>
        <resources>
            <resource uri="/system/modules/com.mediaworx.opencms.ideconnector105/"/>
        </resources>
        <excluderesources/>
        <parameters/>
    </module>
    <files>
        <file>
            <destination>system</destination>
            <type>folder</type>
            <uuidstructure>bd2d29cb-6388-4796-b72a-72be27a610ea</uuidstructure>
            <datelastmodified>Thu, 11 Jun 2020 08:23:45 GMT</datelastmodified>
            <userlastmodified>Admin</userlastmodified>
            <datecreated>Thu, 11 Jun 2020 08:23:45 GMT</datecreated>
            <usercreated>Admin</usercreated>
            <flags>0</flags>
            <properties/>
            <relations/>
            <accesscontrol>
                <accessentry>
                    <uuidprincipal>ROLE.WORKPLACE_USER</uuidprincipal>
                    <flags>514</flags>
                    <permissionset>
                        <allowed>1</allowed>
                        <denied>0</denied>
                    </permissionset>
                </accessentry>
            </accesscontrol>
        </file>
        <file>
            <destination>system/modules</destination>
            <type>folder</type>
            <uuidstructure>d961b136-d607-4634-bebd-7ace39efad5b</uuidstructure>
            <datelastmodified>Thu, 11 Jun 2020 08:23:45 GMT</datelastmodified>
            <userlastmodified>Admin</userlastmodified>
            <datecreated>Thu, 11 Jun 2020 08:23:45 GMT</datecreated>
            <usercreated>Admin</usercreated>
            <flags>0</flags>
            <properties/>
            <relations/>
            <accesscontrol>
                <accessentry>
                    <uuidprincipal>ROLE.WORKPLACE_USER</uuidprincipal>
                    <flags>514</flags>
                    <permissionset>
                        <allowed>5</allowed>
                        <denied>0</denied>
                    </permissionset>
                </accessentry>
            </accesscontrol>
        </file>
        <file>
            <destination>system/modules/com.mediaworx.opencms.ideconnector105</destination>
            <type>folder</type>
            <uuidstructure>8a7ae7c8-82cd-499e-811b-af54c8fe03a2</uuidstructure>
            <datelastmodified>Thu, 11 Jun 2020 08:23:45 GMT</datelastmodified>
            <userlastmodified>Admin</userlastmodified>
            <datecreated>Thu, 11 Jun 2020 08:23:45 GMT</datecreated>
            <usercreated>Admin</usercreated>
            <flags>0</flags>
            <properties/>
            <relations/>
            <accesscontrol/>
        </file>
        <file>
            <destination>system/modules/com.mediaworx.opencms.ideconnector105/classes</destination>
            <type>folder</type>
            <uuidstructure>fa2ffbe9-6f7c-4488-b8fc-d5284b2d814b</uuidstructure>
            <datelastmodified>Thu, 11 Jun 2020 08:23:45 GMT</datelastmodified>
            <userlastmodified>Admin</userlastmodified>
            <datecreated>Thu, 11 Jun 2020 08:23:45 GMT</datecreated>
            <usercreated>Admin</usercreated>
            <flags>0</flags>
            <properties/>
            <relations/>
            <accesscontrol/>
        </file>
        <file>
            <destination>system/modules/com.mediaworx.opencms.ideconnector105/classes/com</destination>
            <type>folder</type>
            <uuidstructure>70df1761-6cf9-4d49-a2f7-8d62eaf478f4</uuidstructure>
            <datelastmodified>Thu, 11 Jun 2020 08:23:45 GMT</datelastmodified>
            <userlastmodified>Admin</userlastmodified>
            <datecreated>Thu, 11 Jun 2020 08:23:45 GMT</datecreated>
            <usercreated>Admin</usercreated>
            <flags>0</flags>
            <properties/>
            <relations/>
            <accesscontrol/>
        </file>
        <file>
            <destination>system/modules/com.mediaworx.opencms.ideconnector105/classes/com/mediaworx</destination>
            <type>folder</type>
            <uuidstructure>c9c3afa6-8ea1-41ea-882b-38f95af17099</uuidstructure>
            <datelastmodified>Thu, 11 Jun 2020 08:23:45 GMT</datelastmodified>
            <userlastmodified>Admin</userlastmodified>
            <datecreated>Thu, 11 Jun 2020 08:23:45 GMT</datecreated>
            <usercreated>Admin</usercreated>
            <flags>0</flags>
            <properties/>
            <relations/>
            <accesscontrol/>
        </file>
        <file>
            <destination>system/modules/com.mediaworx.opencms.ideconnector105/classes/com/mediaworx/opencms</destination>
            <type>folder</type>
            <uuidstructure>9135b4f8-ba60-4439-a2ea-376416fde953</uuidstructure>
            <datelastmodified>Thu, 11 Jun 2020 08:23:45 GMT</datelastmodified>
            <userlastmodified>Admin</userlastmodified>
            <datecreated>Thu, 11 Jun 2020 08:23:45 GMT</datecreated>
            <usercreated>Admin</usercreated>
            <flags>0</flags>
            <properties/>
            <relations/>
            <accesscontrol/>
        </file>
        <file>
            <destination>system/modules/com.mediaworx.opencms.ideconnector105/classes/com/mediaworx/opencms/ideconnector</destination>
            <type>folder</type>
            <uuidstructure>0d4539e7-caf9-4476-a532-7b1da5cbbd6c</uuidstructure>
            <datelastmodified>Thu, 11 Jun 2020 08:23:45 GMT</datelastmodified>
            <userlastmodified>Admin</userlastmodified>
            <datecreated>Thu, 11 Jun 2020 08:23:45 GMT</datecreated>
            <usercreated>Admin</usercreated>
            <flags>0</flags>
            <properties/>
            <relations/>
            <accesscontrol/>
        </file>
        <file>
            <source>system/modules/com.mediaworx.opencms.ideconnector105/classes/com/mediaworx/opencms/ideconnector/MetaXmlHelper.class</source>
            <destination>system/modules/com.mediaworx.opencms.ideconnector105/classes/com/mediaworx/opencms/ideconnector/MetaXmlHelper.class</destination>
            <type>binary</type>
            <uuidstructure>4cbe86ca-a78a-4625-b9d6-0ce362f1c36f</uuidstructure>
            <uuidresource>4409f771-f9c0-4637-befe-aca6040b69db</uuidresource>
            <datelastmodified>Thu, 11 Jun 2020 08:26:39 GMT</datelastmodified>
            <userlastmodified>Admin</userlastmodified>
            <datecreated>Thu, 11 Jun 2020 08:26:39 GMT</datecreated>
            <usercreated>Admin</usercreated>
            <flags>0</flags>
            <properties/>
            <relations/>
            <accesscontrol/>
        </file>
        <file>
            <destination>system/modules/com.mediaworx.opencms.ideconnector105/classes/com/mediaworx/opencms/ideconnector/service</destination>
            <type>folder</type>
            <uuidstructure>4f19057b-a539-47d9-a7b7-65c11e711b34</uuidstructure>
            <datelastmodified>Thu, 11 Jun 2020 08:23:45 GMT</datelastmodified>
            <userlastmodified>Admin</userlastmodified>
            <datecreated>Thu, 11 Jun 2020 08:23:45 GMT</datecreated>
            <usercreated>Admin</usercreated>
            <flags>0</flags>
            <properties/>
            <relations/>
            <accesscontrol/>
        </file>
        <file>
            <source>system/modules/com.mediaworx.opencms.ideconnector105/classes/com/mediaworx/opencms/ideconnector/service/IDEConnectorService.class</source>
            <destination>system/modules/com.mediaworx.opencms.ideconnector105/classes/com/mediaworx/opencms/ideconnector/service/IDEConnectorService.class</destination>
            <type>binary</type>
            <uuidstructure>f87070df-86dc-4bb3-8dee-8787c20e55bd</uuidstructure>
            <uuidresource>c0fdd7f5-5fbb-4467-9122-2bcf231b2511</uuidresource>
            <datelastmodified>Thu, 11 Jun 2020 08:26:39 GMT</datelastmodified>
            <userlastmodified>Admin</userlastmodified>
            <datecreated>Thu, 11 Jun 2020 08:26:39 GMT</datecreated>
            <usercreated>Admin</usercreated>
            <flags>0</flags>
            <properties/>
            <relations/>
            <accesscontrol/>
        </file>
        <file>
            <source>system/modules/com.mediaworx.opencms.ideconnector105/classes/com/mediaworx/opencms/ideconnector/OpenCmsIDEConnector.class</source>
            <destination>system/modules/com.mediaworx.opencms.ideconnector105/classes/com/mediaworx/opencms/ideconnector/OpenCmsIDEConnector.class</destination>
            <type>binary</type>
            <uuidstructure>969b0c98-5446-4d18-ae53-bd3d6825299c</uuidstructure>
            <uuidresource>d61bde91-d937-4b58-b729-0490c2d51b7b</uuidresource>
            <datelastmodified>Thu, 11 Jun 2020 08:26:40 GMT</datelastmodified>
            <userlastmodified>Admin</userlastmodified>
            <datecreated>Thu, 11 Jun 2020 08:26:40 GMT</datecreated>
            <usercreated>Admin</usercreated>
            <flags>0</flags>
            <properties/>
            <relations/>
            <accesscontrol/>
        </file>
        <file>
            <source>system/modules/com.mediaworx.opencms.ideconnector105/test.html</source>
            <destination>system/modules/com.mediaworx.opencms.ideconnector105/test.html</destination>
            <type>plain</type>
            <uuidstructure>9bad6ec4-0c70-4b5b-9607-f51300886f24</uuidstructure>
            <uuidresource>4dda1ec8-31e3-4174-b84f-464d6eea3358</uuidresource>
            <datelastmodified>Thu, 11 Jun 2020 08:23:45 GMT</datelastmodified>
            <userlastmodified>Admin</userlastmodified>
            <datecreated>Thu, 11 Jun 2020 08:23:45 GMT</datecreated>
            <usercreated>Admin</usercreated>
            <flags>0</flags>
            <properties/>
            <relations/>
            <accesscontrol/>
        </file>
        <file>
            <destination>system/modules/com.mediaworx.opencms.ideconnector105/lib</destination>
            <type>folder</type>
            <uuidstructure>0b011b28-1dd9-433c-a5e6-1b79a0793c71</uuidstructure>
            <datelastmodified>Thu, 11 Jun 2020 08:23:45 GMT</datelastmodified>
            <userlastmodified>Admin</userlastmodified>
            <datecreated>Thu, 11 Jun 2020 08:23:45 GMT</datecreated>
            <usercreated>Admin</usercreated>
            <flags>0</flags>
            <properties/>
            <relations/>
            <accesscontrol/>
        </file>
        <file>
            <source>system/modules/com.mediaworx.opencms.ideconnector105/lib/jackson-mapper-asl.jar</source>
            <destination>system/modules/com.mediaworx.opencms.ideconnector105/lib/jackson-mapper-asl.jar</destination>
            <type>binary</type>
            <uuidstructure>a282f30d-cc16-4d67-80c3-79fe674c3ca9</uuidstructure>
            <uuidresource>c65ef901-ec11-4b78-83a7-8cbafce662a0</uuidresource>
            <datelastmodified>Thu, 11 Jun 2020 08:26:40 GMT</datelastmodified>
            <userlastmodified>Admin</userlastmodified>
            <datecreated>Thu, 11 Jun 2020 08:26:40 GMT</datecreated>
            <usercreated>Admin</usercreated>
            <flags>0</flags>
            <properties/>
            <relations/>
            <accesscontrol/>
        </file>
        <file>
            <source>system/modules/com.mediaworx.opencms.ideconnector105/lib/jackson-annotations.jar</source>
            <destination>system/modules/com.mediaworx.opencms.ideconnector105/lib/jackson-annotations.jar</destination>
            <type>binary</type>
            <uuidstructure>35e84950-aad7-42e9-8f10-0cb5965f09f5</uuidstructure>
            <uuidresource>8150c0f1-21b9-40be-b8b2-25ff686987c4</uuidresource>
            <datelastmodified>Thu, 11 Jun 2020 08:26:40 GMT</datelastmodified>
            <userlastmodified>Admin</userlastmodified>
            <datecreated>Thu, 11 Jun 2020 08:26:40 GMT</datecreated>
            <usercreated>Admin</usercreated>
            <flags>0</flags>
            <properties/>
            <relations/>
            <accesscontrol/>
        </file>
        <file>
            <source>system/modules/com.mediaworx.opencms.ideconnector105/lib/jackson-module-mrbean.jar</source>
            <destination>system/modules/com.mediaworx.opencms.ideconnector105/lib/jackson-module-mrbean.jar</destination>
            <type>binary</type>
            <uuidstructure>e4d24648-d128-4ccb-8e54-de5f918dd9ab</uuidstructure>
            <uuidresource>5c8566b1-3ac8-4934-9c6f-fd1a113ee2b7</uuidresource>
            <datelastmodified>Thu, 11 Jun 2020 08:26:40 GMT</datelastmodified>
            <userlastmodified>Admin</userlastmodified>
            <datecreated>Thu, 11 Jun 2020 08:26:40 GMT</datecreated>
            <usercreated>Admin</usercreated>
            <flags>0</flags>
            <properties/>
            <relations/>
            <accesscontrol/>
        </file>
        <file>
            <source>system/modules/com.mediaworx.opencms.ideconnector105/lib/asm.jar</source>
            <destination>system/modules/com.mediaworx.opencms.ideconnector105/lib/asm.jar</destination>
            <type>binary</type>
            <uuidstructure>0995a260-9d56-4711-81cc-d3914942ab12</uuidstructure>
            <uuidresource>c9a80966-a9a6-446e-bcef-1597db1b2f8a</uuidresource>
            <datelastmodified>Thu, 11 Jun 2020 08:26:40 GMT</datelastmodified>
            <userlastmodified>Admin</userlastmodified>
            <datecreated>Thu, 11 Jun 2020 08:26:40 GMT</datecreated>
            <usercreated>Admin</usercreated>
            <flags>0</flags>
            <properties/>
            <relations/>
            <accesscontrol/>
        </file>
        <file>
            <source>system/modules/com.mediaworx.opencms.ideconnector105/lib/jackson-databind.jar</source>
            <destination>system/modules/com.mediaworx.opencms.ideconnector105/lib/jackson-databind.jar</destination>
            <type>binary</type>
            <uuidstructure>8d3d1d76-1b8a-48b7-85b9-30260cfd66ff</uuidstructure>
            <uuidresource>e32a3812-524b-4032-b1a1-8d058ec38af3</uuidresource>
            <datelastmodified>Thu, 11 Jun 2020 08:26:40 GMT</datelastmodified>
            <userlastmodified>Admin</userlastmodified>
            <datecreated>Thu, 11 Jun 2020 08:26:40 GMT</datecreated>
            <usercreated>Admin</usercreated>
            <flags>0</flags>
            <properties/>
            <relations/>
            <accesscontrol/>
        </file>
        <file>
            <source>system/modules/com.mediaworx.opencms.ideconnector105/lib/jackson-core.jar</source>
            <destination>system/modules/com.mediaworx.opencms.ideconnector105/lib/jackson-core.jar</destination>
            <type>binary</type>
            <uuidstructure>22e87ae9-184f-4368-9beb-c222ac7ecbed</uuidstructure>
            <uuidresource>e7cc3cc5-7744-4923-b11b-79e619f74527</uuidresource>
            <datelastmodified>Thu, 11 Jun 2020 08:26:40 GMT</datelastmodified>
            <userlastmodified>Admin</userlastmodified>
            <datecreated>Thu, 11 Jun 2020 08:26:40 GMT</datecreated>
            <usercreated>Admin</usercreated>
            <flags>0</flags>
            <properties/>
            <relations/>
            <accesscontrol/>
        </file>
        <file>
            <source>system/modules/com.mediaworx.opencms.ideconnector105/lib/jackson-core-asl.jar</source>
            <destination>system/modules/com.mediaworx.opencms.ideconnector105/lib/jackson-core-asl.jar</destination>
            <type>binary</type>
            <uuidstructure>284237c9-bc0b-4b5f-a4b6-fe6a25d48bdf</uuidstructure>
            <uuidresource>17ef3974-34e9-4fc3-a5b7-564f48b9baed</uuidresource>
            <datelastmodified>Thu, 11 Jun 2020 08:26:40 GMT</datelastmodified>
            <userlastmodified>Admin</userlastmodified>
            <datecreated>Thu, 11 Jun 2020 08:26:40 GMT</datecreated>
            <usercreated>Admin</usercreated>
            <flags>0</flags>
            <properties/>
            <relations/>
            <accesscontrol/>
        </file>
        <file>
            <source>system/modules/com.mediaworx.opencms.ideconnector105/lib/jackson-jaxrs-json-provider.jar</source>
            <destination>system/modules/com.mediaworx.opencms.ideconnector105/lib/jackson-jaxrs-json-provider.jar</destination>
            <type>binary</type>
            <uuidstructure>8bcde804-afc8-4fac-b308-c664f2b5f96d</uuidstructure>
            <uuidresource>e39e56c1-32ce-4188-a8ab-620eae67b498</uuidresource>
            <datelastmodified>Thu, 11 Jun 2020 08:26:40 GMT</datelastmodified>
            <userlastmodified>Admin</userlastmodified>
            <datecreated>Thu, 11 Jun 2020 08:26:40 GMT</datecreated>
            <usercreated>Admin</usercreated>
            <flags>0</flags>
            <properties/>
            <relations/>
            <accesscontrol/>
        </file>
        <file>
            <source>system/modules/com.mediaworx.opencms.ideconnector105/lib/ideconnector-common.jar</source>
            <destination>system/modules/com.mediaworx.opencms.ideconnector105/lib/ideconnector-common.jar</destination>
            <type>binary</type>
            <uuidstructure>6cfb3b49-176d-44b7-8bd6-74470275b762</uuidstructure>
            <uuidresource>816911ed-db39-498f-9d88-31bd3c2bc5b7</uuidresource>
            <datelastmodified>Thu, 11 Jun 2020 08:26:40 GMT</datelastmodified>
            <userlastmodified>Admin</userlastmodified>
            <datecreated>Thu, 11 Jun 2020 08:26:40 GMT</datecreated>
            <usercreated>Admin</usercreated>
            <flags>0</flags>
            <properties/>
            <relations/>
            <accesscontrol/>
        </file>
        <file>
            <source>system/modules/com.mediaworx.opencms.ideconnector105/lib/jackson-module-jaxb-annotations.jar</source>
            <destination>system/modules/com.mediaworx.opencms.ideconnector105/lib/jackson-module-jaxb-annotations.jar</destination>
            <type>binary</type>
            <uuidstructure>c59354bb-0aca-45cc-857c-c59cd1971ab4</uuidstructure>
            <uuidresource>8681c76c-9152-4fd9-bcd9-a5d191e8f055</uuidresource>
            <datelastmodified>Thu, 11 Jun 2020 08:26:40 GMT</datelastmodified>
            <userlastmodified>Admin</userlastmodified>
            <datecreated>Thu, 11 Jun 2020 08:26:40 GMT</datecreated>
            <usercreated>Admin</usercreated>
            <flags>0</flags>
            <properties/>
            <relations/>
            <accesscontrol/>
        </file>
        <file>
            <source>system/modules/com.mediaworx.opencms.ideconnector105/lib/jackson-jaxrs-base.jar</source>
            <destination>system/modules/com.mediaworx.opencms.ideconnector105/lib/jackson-jaxrs-base.jar</destination>
            <type>binary</type>
            <uuidstructure>fd7ab334-a0a0-445d-acad-b16cc6752934</uuidstructure>
            <uuidresource>dd44b299-3ade-4f40-bd72-3c534c79edf1</uuidresource>
            <datelastmodified>Thu, 11 Jun 2020 08:26:40 GMT</datelastmodified>
            <userlastmodified>Admin</userlastmodified>
            <datecreated>Thu, 11 Jun 2020 08:26:40 GMT</datecreated>
            <usercreated>Admin</usercreated>
            <flags>0</flags>
            <properties/>
            <relations/>
            <accesscontrol/>
        </file>
        <file>
            <source>system/modules/com.mediaworx.opencms.ideconnector105/connector.jsp</source>
            <destination>system/modules/com.mediaworx.opencms.ideconnector105/connector.jsp</destination>
            <type>jsp</type>
            <uuidstructure>d7f8e19e-2a33-4398-8699-6ff03800209c</uuidstructure>
            <uuidresource>4731d5eb-528f-4c2f-bf3d-24c92307cc0e</uuidresource>
            <datelastmodified>Thu, 11 Jun 2020 08:23:45 GMT</datelastmodified>
            <userlastmodified>Admin</userlastmodified>
            <datecreated>Thu, 11 Jun 2020 08:23:45 GMT</datecreated>
            <usercreated>Admin</usercreated>
            <flags>0</flags>
            <properties>
                <property>
                    <name>content-encoding</name>
                    <value><![CDATA[UTF-8]]></value>
                </property>
                <property type="shared">
                    <name>export</name>
                    <value><![CDATA[false]]></value>
                </property>
            </properties>
            <relations/>
            <accesscontrol/>
        </file>
    </files>
</export>
