<?xml version="1.0" encoding="UTF-8"?>
<export>
    <info>
        <creator>Admin</creator>
        <opencms_version>10.5.4</opencms_version>
        <createdate>Mon, 28 Mar 2022 10:41:59 GMT</createdate>
        <infoproject>Offline</infoproject>
        <export_version>7</export_version>
    </info>
    <module>
        <name>com.mediaworx.opencms.ideconnector105</name>
        <nicename><![CDATA[Connector for IDEs, OpenCms 10.5 version]]></nicename>
        <group>com.mediaworx.opencms</group>
        <class/>
        <export-mode name="default"/>
        <description><![CDATA[Provides a connector for IDEs like IntelliJ, enables publishing functionality and provides meta data for VFS resources.]]></description>
        <version>2.2.1</version>
        <authorname><![CDATA[Kai Widmann]]></authorname>
        <authoremail><![CDATA[widmann@mediaworx.com]]></authoremail>
        <datecreated/>
        <userinstalled/>
        <dateinstalled/>
        <dependencies/>
        <exportpoints>
            <exportpoint destination="WEB-INF/classes/" uri="/system/modules/com.mediaworx.opencms.ideconnector105/classes/"/>
            <exportpoint destination="WEB-INF/lib/" uri="/system/modules/com.mediaworx.opencms.ideconnector105/lib/"/>
        </exportpoints>
        <resources>
            <resource uri="/system/modules/com.mediaworx.opencms.ideconnector105/"/>
        </resources>
        <excluderesources/>
        <parameters/>
    </module>
    <files>
        <file>
            <destination>system</destination>
            <type>folder</type>
            <uuidstructure>6010b0f7-d21c-4eab-956e-156b006142a5</uuidstructure>
            <datelastmodified>Mon, 28 Mar 2022 10:34:04 GMT</datelastmodified>
            <userlastmodified>Admin</userlastmodified>
            <datecreated>Mon, 28 Mar 2022 10:34:04 GMT</datecreated>
            <usercreated>Admin</usercreated>
            <flags>0</flags>
            <properties/>
            <relations/>
            <accesscontrol>
                <accessentry>
                    <uuidprincipal>ROLE.WORKPLACE_USER</uuidprincipal>
                    <flags>514</flags>
                    <permissionset>
                        <allowed>1</allowed>
                        <denied>0</denied>
                    </permissionset>
                </accessentry>
            </accesscontrol>
        </file>
        <file>
            <destination>system/modules</destination>
            <type>folder</type>
            <uuidstructure>63844305-edbe-4f67-933b-9c8e5986a3fb</uuidstructure>
            <datelastmodified>Mon, 28 Mar 2022 10:34:04 GMT</datelastmodified>
            <userlastmodified>Admin</userlastmodified>
            <datecreated>Mon, 28 Mar 2022 10:34:04 GMT</datecreated>
            <usercreated>Admin</usercreated>
            <flags>0</flags>
            <properties/>
            <relations/>
            <accesscontrol>
                <accessentry>
                    <uuidprincipal>ROLE.WORKPLACE_USER</uuidprincipal>
                    <flags>514</flags>
                    <permissionset>
                        <allowed>5</allowed>
                        <denied>0</denied>
                    </permissionset>
                </accessentry>
            </accesscontrol>
        </file>
        <file>
            <destination>system/modules/com.mediaworx.opencms.ideconnector105</destination>
            <type>folder</type>
            <uuidstructure>c3b6e58a-7c23-47cf-80e3-242bbf2c8629</uuidstructure>
            <datelastmodified>Mon, 28 Mar 2022 10:34:04 GMT</datelastmodified>
            <userlastmodified>Admin</userlastmodified>
            <datecreated>Mon, 28 Mar 2022 10:34:04 GMT</datecreated>
            <usercreated>Admin</usercreated>
            <flags>0</flags>
            <properties/>
            <relations/>
            <accesscontrol/>
        </file>
        <file>
            <destination>system/modules/com.mediaworx.opencms.ideconnector105/classes</destination>
            <type>folder</type>
            <uuidstructure>79db003e-1459-4dec-ae77-739dae696e2c</uuidstructure>
            <datelastmodified>Mon, 28 Mar 2022 10:34:04 GMT</datelastmodified>
            <userlastmodified>Admin</userlastmodified>
            <datecreated>Mon, 28 Mar 2022 10:34:04 GMT</datecreated>
            <usercreated>Admin</usercreated>
            <flags>0</flags>
            <properties/>
            <relations/>
            <accesscontrol/>
        </file>
        <file>
            <destination>system/modules/com.mediaworx.opencms.ideconnector105/classes/com</destination>
            <type>folder</type>
            <uuidstructure>e4fa19e0-abd7-4c8e-86a9-1916e08f50cc</uuidstructure>
            <datelastmodified>Mon, 28 Mar 2022 10:34:04 GMT</datelastmodified>
            <userlastmodified>Admin</userlastmodified>
            <datecreated>Mon, 28 Mar 2022 10:34:04 GMT</datecreated>
            <usercreated>Admin</usercreated>
            <flags>0</flags>
            <properties/>
            <relations/>
            <accesscontrol/>
        </file>
        <file>
            <destination>system/modules/com.mediaworx.opencms.ideconnector105/classes/com/mediaworx</destination>
            <type>folder</type>
            <uuidstructure>78d6d69c-98e8-44d5-9351-d9cc4286422e</uuidstructure>
            <datelastmodified>Mon, 28 Mar 2022 10:34:04 GMT</datelastmodified>
            <userlastmodified>Admin</userlastmodified>
            <datecreated>Mon, 28 Mar 2022 10:34:04 GMT</datecreated>
            <usercreated>Admin</usercreated>
            <flags>0</flags>
            <properties/>
            <relations/>
            <accesscontrol/>
        </file>
        <file>
            <destination>system/modules/com.mediaworx.opencms.ideconnector105/classes/com/mediaworx/opencms</destination>
            <type>folder</type>
            <uuidstructure>97c28b21-a42b-4817-a0dd-042cf1490f7d</uuidstructure>
            <datelastmodified>Mon, 28 Mar 2022 10:34:04 GMT</datelastmodified>
            <userlastmodified>Admin</userlastmodified>
            <datecreated>Mon, 28 Mar 2022 10:34:04 GMT</datecreated>
            <usercreated>Admin</usercreated>
            <flags>0</flags>
            <properties/>
            <relations/>
            <accesscontrol/>
        </file>
        <file>
            <destination>system/modules/com.mediaworx.opencms.ideconnector105/classes/com/mediaworx/opencms/ideconnector</destination>
            <type>folder</type>
            <uuidstructure>8af7bff2-e55c-4a3c-8779-23c024b65c7a</uuidstructure>
            <datelastmodified>Mon, 28 Mar 2022 10:34:04 GMT</datelastmodified>
            <userlastmodified>Admin</userlastmodified>
            <datecreated>Mon, 28 Mar 2022 10:34:04 GMT</datecreated>
            <usercreated>Admin</usercreated>
            <flags>0</flags>
            <properties/>
            <relations/>
            <accesscontrol/>
        </file>
        <file>
            <source>system/modules/com.mediaworx.opencms.ideconnector105/classes/com/mediaworx/opencms/ideconnector/MetaXmlHelper.class</source>
            <destination>system/modules/com.mediaworx.opencms.ideconnector105/classes/com/mediaworx/opencms/ideconnector/MetaXmlHelper.class</destination>
            <type>binary</type>
            <uuidstructure>9c04d7b9-051c-4948-90ba-39c1fdfd7846</uuidstructure>
            <uuidresource>be076cf3-b0db-4c5b-a870-ce721d320890</uuidresource>
            <datelastmodified>Mon, 28 Mar 2022 10:41:58 GMT</datelastmodified>
            <userlastmodified>Admin</userlastmodified>
            <datecreated>Mon, 28 Mar 2022 10:41:58 GMT</datecreated>
            <usercreated>Admin</usercreated>
            <flags>0</flags>
            <properties/>
            <relations/>
            <accesscontrol/>
        </file>
        <file>
            <destination>system/modules/com.mediaworx.opencms.ideconnector105/classes/com/mediaworx/opencms/ideconnector/service</destination>
            <type>folder</type>
            <uuidstructure>867b30c9-df74-49d5-9abe-87f04f87a623</uuidstructure>
            <datelastmodified>Mon, 28 Mar 2022 10:34:04 GMT</datelastmodified>
            <userlastmodified>Admin</userlastmodified>
            <datecreated>Mon, 28 Mar 2022 10:34:04 GMT</datecreated>
            <usercreated>Admin</usercreated>
            <flags>0</flags>
            <properties/>
            <relations/>
            <accesscontrol/>
        </file>
        <file>
            <source>system/modules/com.mediaworx.opencms.ideconnector105/classes/com/mediaworx/opencms/ideconnector/service/IDEConnectorService.class</source>
            <destination>system/modules/com.mediaworx.opencms.ideconnector105/classes/com/mediaworx/opencms/ideconnector/service/IDEConnectorService.class</destination>
            <type>binary</type>
            <uuidstructure>3c467544-733f-4f81-9fc3-4efa147a3ba7</uuidstructure>
            <uuidresource>6520056b-17b1-4f3c-88e3-ae847993b63c</uuidresource>
            <datelastmodified>Mon, 28 Mar 2022 10:41:58 GMT</datelastmodified>
            <userlastmodified>Admin</userlastmodified>
            <datecreated>Mon, 28 Mar 2022 10:41:58 GMT</datecreated>
            <usercreated>Admin</usercreated>
            <flags>0</flags>
            <properties/>
            <relations/>
            <accesscontrol/>
        </file>
        <file>
            <source>system/modules/com.mediaworx.opencms.ideconnector105/classes/com/mediaworx/opencms/ideconnector/OpenCmsIDEConnector.class</source>
            <destination>system/modules/com.mediaworx.opencms.ideconnector105/classes/com/mediaworx/opencms/ideconnector/OpenCmsIDEConnector.class</destination>
            <type>binary</type>
            <uuidstructure>ba14c9cd-687c-4442-a9d0-f8eef500812b</uuidstructure>
            <uuidresource>c89a85d4-78fc-45db-83e3-0c2378239f94</uuidresource>
            <datelastmodified>Mon, 28 Mar 2022 10:41:58 GMT</datelastmodified>
            <userlastmodified>Admin</userlastmodified>
            <datecreated>Mon, 28 Mar 2022 10:41:58 GMT</datecreated>
            <usercreated>Admin</usercreated>
            <flags>0</flags>
            <properties/>
            <relations/>
            <accesscontrol/>
        </file>
        <file>
            <source>system/modules/com.mediaworx.opencms.ideconnector105/test.html</source>
            <destination>system/modules/com.mediaworx.opencms.ideconnector105/test.html</destination>
            <type>plain</type>
            <uuidstructure>3c08194a-653b-4d2a-8bad-45cff35d23cd</uuidstructure>
            <uuidresource>3d62de47-8805-4822-980a-a8b3f9899742</uuidresource>
            <datelastmodified>Mon, 28 Mar 2022 10:34:04 GMT</datelastmodified>
            <userlastmodified>Admin</userlastmodified>
            <datecreated>Mon, 28 Mar 2022 10:34:04 GMT</datecreated>
            <usercreated>Admin</usercreated>
            <flags>0</flags>
            <properties/>
            <relations/>
            <accesscontrol/>
        </file>
        <file>
            <destination>system/modules/com.mediaworx.opencms.ideconnector105/lib</destination>
            <type>folder</type>
            <uuidstructure>d66fc550-c652-4c9c-91f7-b8a704e1d786</uuidstructure>
            <datelastmodified>Mon, 28 Mar 2022 10:34:04 GMT</datelastmodified>
            <userlastmodified>Admin</userlastmodified>
            <datecreated>Mon, 28 Mar 2022 10:34:04 GMT</datecreated>
            <usercreated>Admin</usercreated>
            <flags>0</flags>
            <properties/>
            <relations/>
            <accesscontrol/>
        </file>
        <file>
            <source>system/modules/com.mediaworx.opencms.ideconnector105/lib/jackson-mapper-asl.jar</source>
            <destination>system/modules/com.mediaworx.opencms.ideconnector105/lib/jackson-mapper-asl.jar</destination>
            <type>binary</type>
            <uuidstructure>902083c4-9280-4549-a7e7-e2f5859d9907</uuidstructure>
            <uuidresource>2f549e82-6c5d-457b-b674-b4bd5524ff96</uuidresource>
            <datelastmodified>Mon, 28 Mar 2022 10:41:58 GMT</datelastmodified>
            <userlastmodified>Admin</userlastmodified>
            <datecreated>Mon, 28 Mar 2022 10:41:58 GMT</datecreated>
            <usercreated>Admin</usercreated>
            <flags>0</flags>
            <properties/>
            <relations/>
            <accesscontrol/>
        </file>
        <file>
            <source>system/modules/com.mediaworx.opencms.ideconnector105/lib/jackson-annotations.jar</source>
            <destination>system/modules/com.mediaworx.opencms.ideconnector105/lib/jackson-annotations.jar</destination>
            <type>binary</type>
            <uuidstructure>de59b472-c230-4ee0-9b06-2345a40609f5</uuidstructure>
            <uuidresource>0117d13d-cf28-4bb6-a15d-44795a5f255d</uuidresource>
            <datelastmodified>Mon, 28 Mar 2022 10:41:58 GMT</datelastmodified>
            <userlastmodified>Admin</userlastmodified>
            <datecreated>Mon, 28 Mar 2022 10:41:58 GMT</datecreated>
            <usercreated>Admin</usercreated>
            <flags>0</flags>
            <properties/>
            <relations/>
            <accesscontrol/>
        </file>
        <file>
            <source>system/modules/com.mediaworx.opencms.ideconnector105/lib/jackson-module-mrbean.jar</source>
            <destination>system/modules/com.mediaworx.opencms.ideconnector105/lib/jackson-module-mrbean.jar</destination>
            <type>binary</type>
            <uuidstructure>e9a85ad4-7d0d-40cd-a759-920da0955925</uuidstructure>
            <uuidresource>daf1a30e-ef50-4478-bdd1-b9a67a3f39c0</uuidresource>
            <datelastmodified>Mon, 28 Mar 2022 10:41:58 GMT</datelastmodified>
            <userlastmodified>Admin</userlastmodified>
            <datecreated>Mon, 28 Mar 2022 10:41:58 GMT</datecreated>
            <usercreated>Admin</usercreated>
            <flags>0</flags>
            <properties/>
            <relations/>
            <accesscontrol/>
        </file>
        <file>
            <source>system/modules/com.mediaworx.opencms.ideconnector105/lib/asm.jar</source>
            <destination>system/modules/com.mediaworx.opencms.ideconnector105/lib/asm.jar</destination>
            <type>binary</type>
            <uuidstructure>fdc2f629-89d8-49c9-85fd-3792a081dc40</uuidstructure>
            <uuidresource>da193f31-9740-472c-af95-25bec079e734</uuidresource>
            <datelastmodified>Mon, 28 Mar 2022 10:41:58 GMT</datelastmodified>
            <userlastmodified>Admin</userlastmodified>
            <datecreated>Mon, 28 Mar 2022 10:41:58 GMT</datecreated>
            <usercreated>Admin</usercreated>
            <flags>0</flags>
            <properties/>
            <relations/>
            <accesscontrol/>
        </file>
        <file>
            <source>system/modules/com.mediaworx.opencms.ideconnector105/lib/jackson-databind.jar</source>
            <destination>system/modules/com.mediaworx.opencms.ideconnector105/lib/jackson-databind.jar</destination>
            <type>binary</type>
            <uuidstructure>59844c1b-4ae3-4995-8ae5-aa8aded3d389</uuidstructure>
            <uuidresource>df801f12-0264-4dd8-a5c0-e60a56c3e5fb</uuidresource>
            <datelastmodified>Mon, 28 Mar 2022 10:41:58 GMT</datelastmodified>
            <userlastmodified>Admin</userlastmodified>
            <datecreated>Mon, 28 Mar 2022 10:41:58 GMT</datecreated>
            <usercreated>Admin</usercreated>
            <flags>0</flags>
            <properties/>
            <relations/>
            <accesscontrol/>
        </file>
        <file>
            <source>system/modules/com.mediaworx.opencms.ideconnector105/lib/jackson-core.jar</source>
            <destination>system/modules/com.mediaworx.opencms.ideconnector105/lib/jackson-core.jar</destination>
            <type>binary</type>
            <uuidstructure>2105d16b-54ed-45da-9adb-e7d23004c8d9</uuidstructure>
            <uuidresource>689e0c05-1a33-4d49-bb9f-4c216db7c074</uuidresource>
            <datelastmodified>Mon, 28 Mar 2022 10:41:58 GMT</datelastmodified>
            <userlastmodified>Admin</userlastmodified>
            <datecreated>Mon, 28 Mar 2022 10:41:58 GMT</datecreated>
            <usercreated>Admin</usercreated>
            <flags>0</flags>
            <properties/>
            <relations/>
            <accesscontrol/>
        </file>
        <file>
            <source>system/modules/com.mediaworx.opencms.ideconnector105/lib/jackson-core-asl.jar</source>
            <destination>system/modules/com.mediaworx.opencms.ideconnector105/lib/jackson-core-asl.jar</destination>
            <type>binary</type>
            <uuidstructure>d0f97361-e87c-4683-af0e-46f9e2a5e07f</uuidstructure>
            <uuidresource>82439699-b915-40a8-b8fc-83fa18a395be</uuidresource>
            <datelastmodified>Mon, 28 Mar 2022 10:41:58 GMT</datelastmodified>
            <userlastmodified>Admin</userlastmodified>
            <datecreated>Mon, 28 Mar 2022 10:41:58 GMT</datecreated>
            <usercreated>Admin</usercreated>
            <flags>0</flags>
            <properties/>
            <relations/>
            <accesscontrol/>
        </file>
        <file>
            <source>system/modules/com.mediaworx.opencms.ideconnector105/lib/jackson-jaxrs-json-provider.jar</source>
            <destination>system/modules/com.mediaworx.opencms.ideconnector105/lib/jackson-jaxrs-json-provider.jar</destination>
            <type>binary</type>
            <uuidstructure>8837a2bf-6c27-4825-9ce6-c547c51e73d4</uuidstructure>
            <uuidresource>5330dd5d-0285-4f82-973d-9a4202b4d2a6</uuidresource>
            <datelastmodified>Mon, 28 Mar 2022 10:41:58 GMT</datelastmodified>
            <userlastmodified>Admin</userlastmodified>
            <datecreated>Mon, 28 Mar 2022 10:41:58 GMT</datecreated>
            <usercreated>Admin</usercreated>
            <flags>0</flags>
            <properties/>
            <relations/>
            <accesscontrol/>
        </file>
        <file>
            <source>system/modules/com.mediaworx.opencms.ideconnector105/lib/ideconnector-common.jar</source>
            <destination>system/modules/com.mediaworx.opencms.ideconnector105/lib/ideconnector-common.jar</destination>
            <type>binary</type>
            <uuidstructure>9c43fbf3-6045-4c62-a719-d815456a0e4c</uuidstructure>
            <uuidresource>5ffd0ccc-d232-4381-b1bb-f42cdb369513</uuidresource>
            <datelastmodified>Mon, 28 Mar 2022 10:41:58 GMT</datelastmodified>
            <userlastmodified>Admin</userlastmodified>
            <datecreated>Mon, 28 Mar 2022 10:41:58 GMT</datecreated>
            <usercreated>Admin</usercreated>
            <flags>0</flags>
            <properties/>
            <relations/>
            <accesscontrol/>
        </file>
        <file>
            <source>system/modules/com.mediaworx.opencms.ideconnector105/lib/jackson-module-jaxb-annotations.jar</source>
            <destination>system/modules/com.mediaworx.opencms.ideconnector105/lib/jackson-module-jaxb-annotations.jar</destination>
            <type>binary</type>
            <uuidstructure>e94bb984-bf27-42b2-adac-9f385749af69</uuidstructure>
            <uuidresource>e0684cf9-6a24-4b3d-807e-a1614ebf3d6e</uuidresource>
            <datelastmodified>Mon, 28 Mar 2022 10:41:58 GMT</datelastmodified>
            <userlastmodified>Admin</userlastmodified>
            <datecreated>Mon, 28 Mar 2022 10:41:58 GMT</datecreated>
            <usercreated>Admin</usercreated>
            <flags>0</flags>
            <properties/>
            <relations/>
            <accesscontrol/>
        </file>
        <file>
            <source>system/modules/com.mediaworx.opencms.ideconnector105/lib/jackson-jaxrs-base.jar</source>
            <destination>system/modules/com.mediaworx.opencms.ideconnector105/lib/jackson-jaxrs-base.jar</destination>
            <type>binary</type>
            <uuidstructure>f44140ea-d688-499d-875f-c746ef2dae71</uuidstructure>
            <uuidresource>7a267b15-08f2-456c-996a-02bb3a32309f</uuidresource>
            <datelastmodified>Mon, 28 Mar 2022 10:41:58 GMT</datelastmodified>
            <userlastmodified>Admin</userlastmodified>
            <datecreated>Mon, 28 Mar 2022 10:41:58 GMT</datecreated>
            <usercreated>Admin</usercreated>
            <flags>0</flags>
            <properties/>
            <relations/>
            <accesscontrol/>
        </file>
        <file>
            <source>system/modules/com.mediaworx.opencms.ideconnector105/connector.jsp</source>
            <destination>system/modules/com.mediaworx.opencms.ideconnector105/connector.jsp</destination>
            <type>jsp</type>
            <uuidstructure>f708950a-382f-4031-8d3b-f769f3f27153</uuidstructure>
            <uuidresource>7f856bd3-49ff-4aa2-b192-dbc1e8445858</uuidresource>
            <datelastmodified>Mon, 28 Mar 2022 10:34:04 GMT</datelastmodified>
            <userlastmodified>Admin</userlastmodified>
            <datecreated>Mon, 28 Mar 2022 10:34:04 GMT</datecreated>
            <usercreated>Admin</usercreated>
            <flags>0</flags>
            <properties>
                <property>
                    <name>content-encoding</name>
                    <value><![CDATA[UTF-8]]></value>
                </property>
                <property type="shared">
                    <name>export</name>
                    <value><![CDATA[false]]></value>
                </property>
            </properties>
            <relations/>
            <accesscontrol/>
        </file>
    </files>
</export>
