<?xml version="1.0" encoding="UTF-8"?>
<export>
    <info>
        <creator>Admin</creator>
        <opencms_version>8.5.1</opencms_version>
        <createdate>Tue, 29 Jul 2014 14:08:40 GMT</createdate>
        <infoproject>Offline</infoproject>
        <export_version>7</export_version>
    </info>
    <module>
        <name>com.mediaworx.opencms.ideconnector</name>
        <nicename><![CDATA[Connector for IDEs]]></nicename>
        <group>com.mediaworx.opencms</group>
        <class/>
        <description><![CDATA[Provides a connector for IDEs like IntelliJ, enables publishing functionality and provides meta data for VFS resources.]]></description>
        <version>1.4</version>
        <authorname><![CDATA[Kai Widmann]]></authorname>
        <authoremail><![CDATA[widmann@mediaworx.com]]></authoremail>
        <datecreated/>
        <userinstalled/>
        <dateinstalled/>
        <dependencies/>
        <exportpoints>
            <exportpoint destination="WEB-INF/classes/" uri="/system/modules/com.mediaworx.opencms.ideconnector/classes/"/>
        </exportpoints>
        <resources>
            <resource uri="/system/modules/com.mediaworx.opencms.ideconnector/"/>
        </resources>
        <parameters/>
    </module>
    <files>
        <file>
            <destination>system</destination>
            <type>folder</type>
            <uuidstructure>49d68903-0d03-471a-a838-2fe23fc098c3</uuidstructure>
            <datelastmodified>Tue, 29 Jul 2014 14:08:35 GMT</datelastmodified>
            <userlastmodified>Admin</userlastmodified>
            <datecreated>Tue, 29 Jul 2014 14:08:35 GMT</datecreated>
            <usercreated>Admin</usercreated>
            <flags>0</flags>
            <properties/>
            <relations/>
            <accesscontrol>
                <accessentry>
                    <uuidprincipal>ROLE.WORKPLACE_USER</uuidprincipal>
                    <flags>514</flags>
                    <permissionset>
                        <allowed>1</allowed>
                        <denied>0</denied>
                    </permissionset>
                </accessentry>
            </accesscontrol>
        </file>
        <file>
            <destination>system/modules</destination>
            <type>folder</type>
            <uuidstructure>5b27f666-d4dc-42f1-b2d0-27da23520b83</uuidstructure>
            <datelastmodified>Tue, 29 Jul 2014 14:08:35 GMT</datelastmodified>
            <userlastmodified>Admin</userlastmodified>
            <datecreated>Tue, 29 Jul 2014 14:08:35 GMT</datecreated>
            <usercreated>Admin</usercreated>
            <flags>0</flags>
            <properties/>
            <relations/>
            <accesscontrol>
                <accessentry>
                    <uuidprincipal>ROLE.WORKPLACE_USER</uuidprincipal>
                    <flags>514</flags>
                    <permissionset>
                        <allowed>5</allowed>
                        <denied>0</denied>
                    </permissionset>
                </accessentry>
            </accesscontrol>
        </file>
        <file>
            <destination>system/modules/com.mediaworx.opencms.ideconnector</destination>
            <type>folder</type>
            <uuidstructure>9a1a1ec4-e606-45c2-bc42-25cd9a9f6db4</uuidstructure>
            <datelastmodified>Tue, 29 Jul 2014 14:08:35 GMT</datelastmodified>
            <userlastmodified>Admin</userlastmodified>
            <datecreated>Tue, 29 Jul 2014 14:08:35 GMT</datecreated>
            <usercreated>Admin</usercreated>
            <flags>0</flags>
            <properties/>
            <relations/>
            <accesscontrol/>
        </file>
        <file>
            <destination>system/modules/com.mediaworx.opencms.ideconnector/classes</destination>
            <type>folder</type>
            <uuidstructure>d1ef44a6-2d9c-48e2-b1e3-7300245aa1b3</uuidstructure>
            <datelastmodified>Tue, 29 Jul 2014 14:08:35 GMT</datelastmodified>
            <userlastmodified>Admin</userlastmodified>
            <datecreated>Tue, 29 Jul 2014 14:08:35 GMT</datecreated>
            <usercreated>Admin</usercreated>
            <flags>0</flags>
            <properties/>
            <relations/>
            <accesscontrol/>
        </file>
        <file>
            <destination>system/modules/com.mediaworx.opencms.ideconnector/classes/com</destination>
            <type>folder</type>
            <uuidstructure>ffb6bfa7-c709-459f-852a-97140b9e0259</uuidstructure>
            <datelastmodified>Tue, 29 Jul 2014 14:08:35 GMT</datelastmodified>
            <userlastmodified>Admin</userlastmodified>
            <datecreated>Tue, 29 Jul 2014 14:08:35 GMT</datecreated>
            <usercreated>Admin</usercreated>
            <flags>0</flags>
            <properties/>
            <relations/>
            <accesscontrol/>
        </file>
        <file>
            <destination>system/modules/com.mediaworx.opencms.ideconnector/classes/com/mediaworx</destination>
            <type>folder</type>
            <uuidstructure>0aecbd57-cfba-45c3-987f-faa787a2fb6b</uuidstructure>
            <datelastmodified>Tue, 29 Jul 2014 14:08:35 GMT</datelastmodified>
            <userlastmodified>Admin</userlastmodified>
            <datecreated>Tue, 29 Jul 2014 14:08:35 GMT</datecreated>
            <usercreated>Admin</usercreated>
            <flags>0</flags>
            <properties/>
            <relations/>
            <accesscontrol/>
        </file>
        <file>
            <destination>system/modules/com.mediaworx.opencms.ideconnector/classes/com/mediaworx/opencms</destination>
            <type>folder</type>
            <uuidstructure>217ab882-6621-45d0-8b4a-1b79341ec219</uuidstructure>
            <datelastmodified>Tue, 29 Jul 2014 14:08:35 GMT</datelastmodified>
            <userlastmodified>Admin</userlastmodified>
            <datecreated>Tue, 29 Jul 2014 14:08:35 GMT</datecreated>
            <usercreated>Admin</usercreated>
            <flags>0</flags>
            <properties/>
            <relations/>
            <accesscontrol/>
        </file>
        <file>
            <destination>system/modules/com.mediaworx.opencms.ideconnector/classes/com/mediaworx/opencms/ideconnector</destination>
            <type>folder</type>
            <uuidstructure>da184e25-c440-475f-8d32-1f8cbdc41a6b</uuidstructure>
            <datelastmodified>Tue, 29 Jul 2014 14:08:35 GMT</datelastmodified>
            <userlastmodified>Admin</userlastmodified>
            <datecreated>Tue, 29 Jul 2014 14:08:35 GMT</datecreated>
            <usercreated>Admin</usercreated>
            <flags>0</flags>
            <properties/>
            <relations/>
            <accesscontrol/>
        </file>
        <file>
            <source>system/modules/com.mediaworx.opencms.ideconnector/classes/com/mediaworx/opencms/ideconnector/MetaXmlHelper.class</source>
            <destination>system/modules/com.mediaworx.opencms.ideconnector/classes/com/mediaworx/opencms/ideconnector/MetaXmlHelper.class</destination>
            <type>binary</type>
            <uuidstructure>0ae78479-7784-4ddb-8489-164f398db4ba</uuidstructure>
            <uuidresource>6ebf960c-7fb8-4e51-aa70-463b1107b739</uuidresource>
            <datelastmodified>Tue, 29 Jul 2014 14:08:35 GMT</datelastmodified>
            <userlastmodified>Admin</userlastmodified>
            <datecreated>Tue, 29 Jul 2014 14:08:35 GMT</datecreated>
            <usercreated>Admin</usercreated>
            <flags>0</flags>
            <properties/>
            <relations/>
            <accesscontrol/>
        </file>
        <file>
            <source>system/modules/com.mediaworx.opencms.ideconnector/classes/com/mediaworx/opencms/ideconnector/OpenCmsIDEConnector.class</source>
            <destination>system/modules/com.mediaworx.opencms.ideconnector/classes/com/mediaworx/opencms/ideconnector/OpenCmsIDEConnector.class</destination>
            <type>binary</type>
            <uuidstructure>2c2d7d85-7023-496c-9dc7-a19af016ad3a</uuidstructure>
            <uuidresource>fac0d6f4-31e7-4089-a3b9-09f96f11ceff</uuidresource>
            <datelastmodified>Tue, 29 Jul 2014 14:08:35 GMT</datelastmodified>
            <userlastmodified>Admin</userlastmodified>
            <datecreated>Tue, 29 Jul 2014 14:08:35 GMT</datecreated>
            <usercreated>Admin</usercreated>
            <flags>0</flags>
            <properties/>
            <relations/>
            <accesscontrol/>
        </file>
        <file>
            <source>system/modules/com.mediaworx.opencms.ideconnector/connector.jsp</source>
            <destination>system/modules/com.mediaworx.opencms.ideconnector/connector.jsp</destination>
            <type>jsp</type>
            <uuidstructure>e62368e7-40da-4ab1-926b-e551423c090b</uuidstructure>
            <uuidresource>fc171900-5004-4e72-84fe-946031a73577</uuidresource>
            <datelastmodified>Tue, 29 Jul 2014 14:08:35 GMT</datelastmodified>
            <userlastmodified>Admin</userlastmodified>
            <datecreated>Tue, 29 Jul 2014 14:08:35 GMT</datecreated>
            <usercreated>Admin</usercreated>
            <flags>0</flags>
            <properties>
                <property>
                    <name>content-encoding</name>
                    <value>UTF-8</value>
                </property>
                <property type="shared">
                    <name>export</name>
                    <value>false</value>
                </property>
            </properties>
            <relations/>
            <accesscontrol/>
        </file>
        <file>
            <source>system/modules/com.mediaworx.opencms.ideconnector/test.html</source>
            <destination>system/modules/com.mediaworx.opencms.ideconnector/test.html</destination>
            <type>plain</type>
            <uuidstructure>759cda96-7f3e-4a8e-8b1c-549ee887eae9</uuidstructure>
            <uuidresource>134af74a-fa30-4641-bc81-72f2598947ca</uuidresource>
            <datelastmodified>Tue, 29 Jul 2014 14:08:35 GMT</datelastmodified>
            <userlastmodified>Admin</userlastmodified>
            <datecreated>Tue, 29 Jul 2014 14:08:35 GMT</datecreated>
            <usercreated>Admin</usercreated>
            <flags>0</flags>
            <properties/>
            <relations/>
            <accesscontrol/>
        </file>
    </files>
</export>
