<?xml version="1.0" encoding="UTF-8"?>
<export>
    <info>
        <creator>Admin</creator>
        <opencms_version>9.5.3.2</opencms_version>
        <createdate>Fri, 24 Jun 2016 10:46:22 GMT</createdate>
        <infoproject>Offline</infoproject>
        <export_version>7</export_version>
    </info>
    <module>
        <name>com.mediaworx.opencms.ideconnector</name>
        <nicename><![CDATA[Connector for IDEs]]></nicename>
        <group>com.mediaworx.opencms</group>
        <class/>
        <description><![CDATA[Provides a connector for IDEs like IntelliJ, enables publishing functionality and provides meta data for VFS resources.]]></description>
        <version>1.9</version>
        <authorname><![CDATA[Kai Widmann]]></authorname>
        <authoremail><![CDATA[widmann@mediaworx.com]]></authoremail>
        <datecreated/>
        <userinstalled/>
        <dateinstalled/>
        <dependencies/>
        <exportpoints>
            <exportpoint destination="WEB-INF/classes/" uri="/system/modules/com.mediaworx.opencms.ideconnector/classes/"/>
            <exportpoint destination="WEB-INF/lib/" uri="/system/modules/com.mediaworx.opencms.ideconnector/lib/"/>
        </exportpoints>
        <resources>
            <resource uri="/system/modules/com.mediaworx.opencms.ideconnector/"/>
        </resources>
        <parameters/>
    </module>
    <files>
        <file>
            <destination>system</destination>
            <type>folder</type>
            <uuidstructure>75ce6075-463e-4841-9b9a-c2572c5801f2</uuidstructure>
            <datelastmodified>Fri, 27 Mar 2015 21:06:43 GMT</datelastmodified>
            <userlastmodified>Admin</userlastmodified>
            <datecreated>Fri, 27 Mar 2015 21:06:43 GMT</datecreated>
            <usercreated>Admin</usercreated>
            <flags>0</flags>
            <properties/>
            <relations/>
            <accesscontrol>
                <accessentry>
                    <uuidprincipal>ROLE.WORKPLACE_USER</uuidprincipal>
                    <flags>514</flags>
                    <permissionset>
                        <allowed>1</allowed>
                        <denied>0</denied>
                    </permissionset>
                </accessentry>
            </accesscontrol>
        </file>
        <file>
            <destination>system/modules</destination>
            <type>folder</type>
            <uuidstructure>bffa288a-d16a-4ec3-a904-2a1676ca60b1</uuidstructure>
            <datelastmodified>Tue, 14 Jul 2015 21:30:05 GMT</datelastmodified>
            <userlastmodified>Admin</userlastmodified>
            <datecreated>Tue, 14 Jul 2015 21:30:05 GMT</datecreated>
            <usercreated>Admin</usercreated>
            <flags>0</flags>
            <properties/>
            <relations/>
            <accesscontrol>
                <accessentry>
                    <uuidprincipal>ROLE.WORKPLACE_USER</uuidprincipal>
                    <flags>514</flags>
                    <permissionset>
                        <allowed>5</allowed>
                        <denied>0</denied>
                    </permissionset>
                </accessentry>
            </accesscontrol>
        </file>
        <file>
            <destination>system/modules/com.mediaworx.opencms.ideconnector</destination>
            <type>folder</type>
            <uuidstructure>49038315-8249-4b18-a0e5-e8bb0224633f</uuidstructure>
            <datelastmodified>Fri, 17 Jul 2015 13:43:44 GMT</datelastmodified>
            <userlastmodified>Admin</userlastmodified>
            <datecreated>Fri, 17 Jul 2015 13:43:44 GMT</datecreated>
            <usercreated>Admin</usercreated>
            <flags>0</flags>
            <properties/>
            <relations/>
            <accesscontrol/>
        </file>
        <file>
            <destination>system/modules/com.mediaworx.opencms.ideconnector/classes</destination>
            <type>folder</type>
            <uuidstructure>08b04b4f-935a-4d53-b9ec-090b0d7b9079</uuidstructure>
            <datelastmodified>Fri, 17 Jul 2015 12:38:04 GMT</datelastmodified>
            <userlastmodified>Admin</userlastmodified>
            <datecreated>Fri, 17 Jul 2015 12:38:04 GMT</datecreated>
            <usercreated>Admin</usercreated>
            <flags>0</flags>
            <properties/>
            <relations/>
            <accesscontrol/>
        </file>
        <file>
            <destination>system/modules/com.mediaworx.opencms.ideconnector/classes/com</destination>
            <type>folder</type>
            <uuidstructure>68552934-3b0d-4005-b39d-ee3f078bc7c9</uuidstructure>
            <datelastmodified>Fri, 17 Jul 2015 12:38:04 GMT</datelastmodified>
            <userlastmodified>Admin</userlastmodified>
            <datecreated>Fri, 17 Jul 2015 12:38:04 GMT</datecreated>
            <usercreated>Admin</usercreated>
            <flags>0</flags>
            <properties/>
            <relations/>
            <accesscontrol/>
        </file>
        <file>
            <destination>system/modules/com.mediaworx.opencms.ideconnector/classes/com/mediaworx</destination>
            <type>folder</type>
            <uuidstructure>8c2fc71e-1bcf-437a-8c9d-8f752f085fea</uuidstructure>
            <datelastmodified>Fri, 17 Jul 2015 12:38:04 GMT</datelastmodified>
            <userlastmodified>Admin</userlastmodified>
            <datecreated>Fri, 17 Jul 2015 12:38:04 GMT</datecreated>
            <usercreated>Admin</usercreated>
            <flags>0</flags>
            <properties/>
            <relations/>
            <accesscontrol/>
        </file>
        <file>
            <destination>system/modules/com.mediaworx.opencms.ideconnector/classes/com/mediaworx/opencms</destination>
            <type>folder</type>
            <uuidstructure>123fd681-960e-4d1b-88e7-b5995db63dd5</uuidstructure>
            <datelastmodified>Fri, 17 Jul 2015 12:38:04 GMT</datelastmodified>
            <userlastmodified>Admin</userlastmodified>
            <datecreated>Fri, 17 Jul 2015 12:38:04 GMT</datecreated>
            <usercreated>Admin</usercreated>
            <flags>0</flags>
            <properties/>
            <relations/>
            <accesscontrol/>
        </file>
        <file>
            <destination>system/modules/com.mediaworx.opencms.ideconnector/classes/com/mediaworx/opencms/ideconnector</destination>
            <type>folder</type>
            <uuidstructure>5602d7ba-2be8-409d-8f24-82a2360dcc87</uuidstructure>
            <datelastmodified>Tue, 21 Jun 2016 15:06:54 GMT</datelastmodified>
            <userlastmodified>Admin</userlastmodified>
            <datecreated>Tue, 21 Jun 2016 15:06:54 GMT</datecreated>
            <usercreated>Admin</usercreated>
            <flags>0</flags>
            <properties/>
            <relations/>
            <accesscontrol/>
        </file>
        <file>
            <destination>system/modules/com.mediaworx.opencms.ideconnector/classes/com/mediaworx/opencms/ideconnector/dataimpl</destination>
            <type>folder</type>
            <uuidstructure>f6d7d113-9bda-41c1-a397-cae84879940b</uuidstructure>
            <datelastmodified>Tue, 21 Jun 2016 15:06:54 GMT</datelastmodified>
            <userlastmodified>Admin</userlastmodified>
            <datecreated>Tue, 21 Jun 2016 15:06:54 GMT</datecreated>
            <usercreated>Admin</usercreated>
            <flags>0</flags>
            <properties/>
            <relations/>
            <accesscontrol/>
        </file>
        <file>
            <source>system/modules/com.mediaworx.opencms.ideconnector/classes/com/mediaworx/opencms/ideconnector/dataimpl/LoginStatusImpl.class</source>
            <destination>system/modules/com.mediaworx.opencms.ideconnector/classes/com/mediaworx/opencms/ideconnector/dataimpl/LoginStatusImpl.class</destination>
            <type>binary</type>
            <uuidstructure>b9c78594-361a-4d32-8d72-9793ecf7d6a2</uuidstructure>
            <uuidresource>46a1f91a-1761-4430-817c-d1ce9ec25b47</uuidresource>
            <datelastmodified>Tue, 21 Jun 2016 15:07:00 GMT</datelastmodified>
            <userlastmodified>Admin</userlastmodified>
            <datecreated>Tue, 21 Jun 2016 15:07:00 GMT</datecreated>
            <usercreated>Admin</usercreated>
            <flags>0</flags>
            <properties/>
            <relations/>
            <accesscontrol/>
        </file>
        <file>
            <source>system/modules/com.mediaworx.opencms.ideconnector/classes/com/mediaworx/opencms/ideconnector/MetaXmlHelper.class</source>
            <destination>system/modules/com.mediaworx.opencms.ideconnector/classes/com/mediaworx/opencms/ideconnector/MetaXmlHelper.class</destination>
            <type>binary</type>
            <uuidstructure>6623198a-6713-4b22-b9ed-c86aec44e437</uuidstructure>
            <uuidresource>dfc380c1-0808-473e-b989-c04251e401be</uuidresource>
            <datelastmodified>Tue, 21 Jun 2016 15:07:00 GMT</datelastmodified>
            <userlastmodified>Admin</userlastmodified>
            <datecreated>Tue, 21 Jun 2016 15:07:00 GMT</datecreated>
            <usercreated>Admin</usercreated>
            <flags>0</flags>
            <properties/>
            <relations/>
            <accesscontrol/>
        </file>
        <file>
            <source>system/modules/com.mediaworx.opencms.ideconnector/classes/com/mediaworx/opencms/ideconnector/OpenCmsIDEConnector.class</source>
            <destination>system/modules/com.mediaworx.opencms.ideconnector/classes/com/mediaworx/opencms/ideconnector/OpenCmsIDEConnector.class</destination>
            <type>binary</type>
            <uuidstructure>f4c36a19-946b-419c-b8e3-e681e227336e</uuidstructure>
            <uuidresource>9a3e4365-e9de-4258-81f9-077498cbde1f</uuidresource>
            <datelastmodified>Tue, 21 Jun 2016 15:07:00 GMT</datelastmodified>
            <userlastmodified>Admin</userlastmodified>
            <datecreated>Tue, 21 Jun 2016 15:07:00 GMT</datecreated>
            <usercreated>Admin</usercreated>
            <flags>0</flags>
            <properties/>
            <relations/>
            <accesscontrol/>
        </file>
        <file>
            <destination>system/modules/com.mediaworx.opencms.ideconnector/classes/com/mediaworx/opencms/ideconnector/service</destination>
            <type>folder</type>
            <uuidstructure>00eafdc5-3c9a-4641-9a2d-604c117207ce</uuidstructure>
            <datelastmodified>Tue, 21 Jun 2016 15:06:54 GMT</datelastmodified>
            <userlastmodified>Admin</userlastmodified>
            <datecreated>Tue, 21 Jun 2016 15:06:54 GMT</datecreated>
            <usercreated>Admin</usercreated>
            <flags>0</flags>
            <properties/>
            <relations/>
            <accesscontrol/>
        </file>
        <file>
            <source>system/modules/com.mediaworx.opencms.ideconnector/classes/com/mediaworx/opencms/ideconnector/service/IDEConnectorService.class</source>
            <destination>system/modules/com.mediaworx.opencms.ideconnector/classes/com/mediaworx/opencms/ideconnector/service/IDEConnectorService.class</destination>
            <type>binary</type>
            <uuidstructure>5a14701c-f90c-41c2-a96f-1ff3055a5be8</uuidstructure>
            <uuidresource>b3bc1405-6a80-425c-81ed-3f690b81d090</uuidresource>
            <datelastmodified>Tue, 21 Jun 2016 15:07:00 GMT</datelastmodified>
            <userlastmodified>Admin</userlastmodified>
            <datecreated>Tue, 21 Jun 2016 15:07:00 GMT</datecreated>
            <usercreated>Admin</usercreated>
            <flags>0</flags>
            <properties/>
            <relations/>
            <accesscontrol/>
        </file>
        <file>
            <source>system/modules/com.mediaworx.opencms.ideconnector/connector.jsp</source>
            <destination>system/modules/com.mediaworx.opencms.ideconnector/connector.jsp</destination>
            <type>jsp</type>
            <uuidstructure>6341a5b0-ed39-4706-b610-2ba3eccccc8b</uuidstructure>
            <uuidresource>69260753-e515-4ad5-b5f3-cab71f26f466</uuidresource>
            <datelastmodified>Fri, 17 Jul 2015 13:43:44 GMT</datelastmodified>
            <userlastmodified>Admin</userlastmodified>
            <datecreated>Fri, 17 Jul 2015 13:43:44 GMT</datecreated>
            <usercreated>Admin</usercreated>
            <flags>0</flags>
            <properties>
                <property>
                    <name>content-encoding</name>
                    <value><![CDATA[UTF-8]]></value>
                </property>
                <property type="shared">
                    <name>export</name>
                    <value><![CDATA[false]]></value>
                </property>
            </properties>
            <relations/>
            <accesscontrol/>
        </file>
        <file>
            <destination>system/modules/com.mediaworx.opencms.ideconnector/lib</destination>
            <type>folder</type>
            <uuidstructure>e8944fc5-d149-46c5-b190-28db860513f8</uuidstructure>
            <datelastmodified>Tue, 03 Nov 2015 15:00:46 GMT</datelastmodified>
            <userlastmodified>Admin</userlastmodified>
            <datecreated>Tue, 03 Nov 2015 15:00:46 GMT</datecreated>
            <usercreated>Admin</usercreated>
            <flags>0</flags>
            <properties/>
            <relations/>
            <accesscontrol/>
        </file>
        <file>
            <source>system/modules/com.mediaworx.opencms.ideconnector/lib/asm.jar</source>
            <destination>system/modules/com.mediaworx.opencms.ideconnector/lib/asm.jar</destination>
            <type>binary</type>
            <uuidstructure>83507327-8fd9-4fc3-9041-7e9b3648d90d</uuidstructure>
            <uuidresource>cdd840a7-451f-4dbe-8305-9d03c557f4c8</uuidresource>
            <datelastmodified>Thu, 23 Jun 2016 14:58:58 GMT</datelastmodified>
            <userlastmodified>Admin</userlastmodified>
            <datecreated>Thu, 23 Jun 2016 14:58:58 GMT</datecreated>
            <usercreated>Admin</usercreated>
            <flags>0</flags>
            <properties/>
            <relations/>
            <accesscontrol/>
        </file>
        <file>
            <source>system/modules/com.mediaworx.opencms.ideconnector/lib/ideconnector-common.jar</source>
            <destination>system/modules/com.mediaworx.opencms.ideconnector/lib/ideconnector-common.jar</destination>
            <type>binary</type>
            <uuidstructure>0f6792ec-c338-4268-96ad-5eb1179b579d</uuidstructure>
            <uuidresource>6f4ffda0-d556-483f-91e5-9e39794877c4</uuidresource>
            <datelastmodified>Thu, 23 Jun 2016 14:58:58 GMT</datelastmodified>
            <userlastmodified>Admin</userlastmodified>
            <datecreated>Thu, 23 Jun 2016 14:58:58 GMT</datecreated>
            <usercreated>Admin</usercreated>
            <flags>0</flags>
            <properties/>
            <relations/>
            <accesscontrol/>
        </file>
        <file>
            <source>system/modules/com.mediaworx.opencms.ideconnector/lib/jackson-annotations.jar</source>
            <destination>system/modules/com.mediaworx.opencms.ideconnector/lib/jackson-annotations.jar</destination>
            <type>binary</type>
            <uuidstructure>ff427f28-9184-43dd-8336-47fa704ebbef</uuidstructure>
            <uuidresource>8a32881e-b25e-49b7-ad47-14ecc20b5429</uuidresource>
            <datelastmodified>Thu, 23 Jun 2016 14:58:58 GMT</datelastmodified>
            <userlastmodified>Admin</userlastmodified>
            <datecreated>Thu, 23 Jun 2016 14:58:58 GMT</datecreated>
            <usercreated>Admin</usercreated>
            <flags>0</flags>
            <properties/>
            <relations/>
            <accesscontrol/>
        </file>
        <file>
            <source>system/modules/com.mediaworx.opencms.ideconnector/lib/jackson-core-asl.jar</source>
            <destination>system/modules/com.mediaworx.opencms.ideconnector/lib/jackson-core-asl.jar</destination>
            <type>binary</type>
            <uuidstructure>9a98f00c-1569-4f2a-997e-52c3d9d9a2ce</uuidstructure>
            <uuidresource>4ba574d0-deb0-459c-b568-3c13853d0b7c</uuidresource>
            <datelastmodified>Thu, 23 Jun 2016 14:58:58 GMT</datelastmodified>
            <userlastmodified>Admin</userlastmodified>
            <datecreated>Thu, 23 Jun 2016 14:58:58 GMT</datecreated>
            <usercreated>Admin</usercreated>
            <flags>0</flags>
            <properties/>
            <relations/>
            <accesscontrol/>
        </file>
        <file>
            <source>system/modules/com.mediaworx.opencms.ideconnector/lib/jackson-core.jar</source>
            <destination>system/modules/com.mediaworx.opencms.ideconnector/lib/jackson-core.jar</destination>
            <type>binary</type>
            <uuidstructure>d6cf67ec-5a0c-45a1-8e0d-e4e0934022cb</uuidstructure>
            <uuidresource>3898c43a-bb20-4b21-aae1-5b8610419030</uuidresource>
            <datelastmodified>Thu, 23 Jun 2016 14:58:58 GMT</datelastmodified>
            <userlastmodified>Admin</userlastmodified>
            <datecreated>Thu, 23 Jun 2016 14:58:58 GMT</datecreated>
            <usercreated>Admin</usercreated>
            <flags>0</flags>
            <properties/>
            <relations/>
            <accesscontrol/>
        </file>
        <file>
            <source>system/modules/com.mediaworx.opencms.ideconnector/lib/jackson-databind.jar</source>
            <destination>system/modules/com.mediaworx.opencms.ideconnector/lib/jackson-databind.jar</destination>
            <type>binary</type>
            <uuidstructure>8d43a4b6-d000-46be-bbe8-0e572be49776</uuidstructure>
            <uuidresource>32e65f4f-8554-4350-a039-b3e44e15d2dc</uuidresource>
            <datelastmodified>Thu, 23 Jun 2016 14:58:58 GMT</datelastmodified>
            <userlastmodified>Admin</userlastmodified>
            <datecreated>Thu, 23 Jun 2016 14:58:58 GMT</datecreated>
            <usercreated>Admin</usercreated>
            <flags>0</flags>
            <properties/>
            <relations/>
            <accesscontrol/>
        </file>
        <file>
            <source>system/modules/com.mediaworx.opencms.ideconnector/lib/jackson-jaxrs-base.jar</source>
            <destination>system/modules/com.mediaworx.opencms.ideconnector/lib/jackson-jaxrs-base.jar</destination>
            <type>binary</type>
            <uuidstructure>a306531f-719f-4677-960f-37b8aa2279c2</uuidstructure>
            <uuidresource>dad0e2c6-af94-4874-930a-8774644bec3d</uuidresource>
            <datelastmodified>Thu, 23 Jun 2016 14:58:58 GMT</datelastmodified>
            <userlastmodified>Admin</userlastmodified>
            <datecreated>Thu, 23 Jun 2016 14:58:58 GMT</datecreated>
            <usercreated>Admin</usercreated>
            <flags>0</flags>
            <properties/>
            <relations/>
            <accesscontrol/>
        </file>
        <file>
            <source>system/modules/com.mediaworx.opencms.ideconnector/lib/jackson-jaxrs-json-provider.jar</source>
            <destination>system/modules/com.mediaworx.opencms.ideconnector/lib/jackson-jaxrs-json-provider.jar</destination>
            <type>binary</type>
            <uuidstructure>f71ce793-2d76-4f51-b5b3-a866cf7ce5bc</uuidstructure>
            <uuidresource>d2e8c9dd-bd06-4803-acf5-7c8b14e1de19</uuidresource>
            <datelastmodified>Thu, 23 Jun 2016 14:58:58 GMT</datelastmodified>
            <userlastmodified>Admin</userlastmodified>
            <datecreated>Thu, 23 Jun 2016 14:58:58 GMT</datecreated>
            <usercreated>Admin</usercreated>
            <flags>0</flags>
            <properties/>
            <relations/>
            <accesscontrol/>
        </file>
        <file>
            <source>system/modules/com.mediaworx.opencms.ideconnector/lib/jackson-mapper-asl.jar</source>
            <destination>system/modules/com.mediaworx.opencms.ideconnector/lib/jackson-mapper-asl.jar</destination>
            <type>binary</type>
            <uuidstructure>c16e2636-bfdb-4739-a92e-ee3c15dd9157</uuidstructure>
            <uuidresource>b60d2171-43b6-4ff0-b7e7-7eee400eff39</uuidresource>
            <datelastmodified>Thu, 23 Jun 2016 14:58:58 GMT</datelastmodified>
            <userlastmodified>Admin</userlastmodified>
            <datecreated>Thu, 23 Jun 2016 14:58:58 GMT</datecreated>
            <usercreated>Admin</usercreated>
            <flags>0</flags>
            <properties/>
            <relations/>
            <accesscontrol/>
        </file>
        <file>
            <source>system/modules/com.mediaworx.opencms.ideconnector/lib/jackson-module-jaxb-annotations.jar</source>
            <destination>system/modules/com.mediaworx.opencms.ideconnector/lib/jackson-module-jaxb-annotations.jar</destination>
            <type>binary</type>
            <uuidstructure>1c48733b-279d-400e-8e32-10081daf640f</uuidstructure>
            <uuidresource>072439c1-0084-47f7-b8fd-a3758ee86ddb</uuidresource>
            <datelastmodified>Thu, 23 Jun 2016 14:58:58 GMT</datelastmodified>
            <userlastmodified>Admin</userlastmodified>
            <datecreated>Thu, 23 Jun 2016 14:58:58 GMT</datecreated>
            <usercreated>Admin</usercreated>
            <flags>0</flags>
            <properties/>
            <relations/>
            <accesscontrol/>
        </file>
        <file>
            <source>system/modules/com.mediaworx.opencms.ideconnector/lib/jackson-module-mrbean.jar</source>
            <destination>system/modules/com.mediaworx.opencms.ideconnector/lib/jackson-module-mrbean.jar</destination>
            <type>binary</type>
            <uuidstructure>ed4e3943-a277-49da-a931-0717da92dce7</uuidstructure>
            <uuidresource>955c9681-b7aa-4b7c-9b87-76ee7bacaf3c</uuidresource>
            <datelastmodified>Thu, 23 Jun 2016 14:58:58 GMT</datelastmodified>
            <userlastmodified>Admin</userlastmodified>
            <datecreated>Thu, 23 Jun 2016 14:58:58 GMT</datecreated>
            <usercreated>Admin</usercreated>
            <flags>0</flags>
            <properties/>
            <relations/>
            <accesscontrol/>
        </file>
        <file>
            <source>system/modules/com.mediaworx.opencms.ideconnector/test.html</source>
            <destination>system/modules/com.mediaworx.opencms.ideconnector/test.html</destination>
            <type>plain</type>
            <uuidstructure>0d4b12c1-29b5-480d-b787-3beb724a7bed</uuidstructure>
            <uuidresource>b83e7121-4353-4f9e-baf6-2c306a7854a1</uuidresource>
            <datelastmodified>Fri, 17 Jul 2015 13:43:44 GMT</datelastmodified>
            <userlastmodified>Admin</userlastmodified>
            <datecreated>Fri, 17 Jul 2015 13:43:44 GMT</datecreated>
            <usercreated>Admin</usercreated>
            <flags>0</flags>
            <properties/>
            <relations/>
            <accesscontrol/>
        </file>
    </files>
</export>
