<?xml version="1.0" encoding="UTF-8"?>
<export>
    <info>
        <creator>Admin</creator>
        <opencms_version>10.5.4</opencms_version>
        <createdate>Wed, 10 Jun 2020 21:04:05 GMT</createdate>
        <infoproject>Offline</infoproject>
        <export_version>7</export_version>
    </info>
    <module>
        <name>com.mediaworx.opencms.ideconnector</name>
        <nicename><![CDATA[Connector for IDEs]]></nicename>
        <group>com.mediaworx.opencms</group>
        <class/>
        <export-mode name="default"/>
        <description><![CDATA[Provides a connector for IDEs like IntelliJ, enables publishing functionality and provides meta data for VFS resources.]]></description>
        <version>2.1</version>
        <authorname><![CDATA[Kai Widmann]]></authorname>
        <authoremail><![CDATA[widmann@mediaworx.com]]></authoremail>
        <datecreated/>
        <userinstalled/>
        <dateinstalled/>
        <dependencies/>
        <exportpoints>
            <exportpoint destination="WEB-INF/classes/" uri="/system/modules/com.mediaworx.opencms.ideconnector/classes/"/>
            <exportpoint destination="WEB-INF/lib/" uri="/system/modules/com.mediaworx.opencms.ideconnector/lib/"/>
        </exportpoints>
        <resources>
            <resource uri="/system/modules/com.mediaworx.opencms.ideconnector/"/>
        </resources>
        <excluderesources/>
        <parameters/>
    </module>
    <files>
        <file>
            <destination>system</destination>
            <type>folder</type>
            <uuidstructure>31012570-2e51-475b-8c61-ec298db590fc</uuidstructure>
            <datelastmodified>Wed, 10 Jun 2020 20:49:16 GMT</datelastmodified>
            <userlastmodified>Admin</userlastmodified>
            <datecreated>Wed, 10 Jun 2020 20:49:16 GMT</datecreated>
            <usercreated>Admin</usercreated>
            <flags>0</flags>
            <properties/>
            <relations/>
            <accesscontrol>
                <accessentry>
                    <uuidprincipal>ROLE.WORKPLACE_USER</uuidprincipal>
                    <flags>514</flags>
                    <permissionset>
                        <allowed>1</allowed>
                        <denied>0</denied>
                    </permissionset>
                </accessentry>
            </accesscontrol>
        </file>
        <file>
            <destination>system/modules</destination>
            <type>folder</type>
            <uuidstructure>7f2d92e0-0308-4a41-93d9-072db7f1d247</uuidstructure>
            <datelastmodified>Wed, 10 Jun 2020 20:49:16 GMT</datelastmodified>
            <userlastmodified>Admin</userlastmodified>
            <datecreated>Wed, 10 Jun 2020 20:49:16 GMT</datecreated>
            <usercreated>Admin</usercreated>
            <flags>0</flags>
            <properties/>
            <relations/>
            <accesscontrol>
                <accessentry>
                    <uuidprincipal>ROLE.WORKPLACE_USER</uuidprincipal>
                    <flags>514</flags>
                    <permissionset>
                        <allowed>5</allowed>
                        <denied>0</denied>
                    </permissionset>
                </accessentry>
            </accesscontrol>
        </file>
        <file>
            <destination>system/modules/com.mediaworx.opencms.ideconnector</destination>
            <type>folder</type>
            <uuidstructure>a7744799-81f6-4168-8476-3f0e1a773846</uuidstructure>
            <datelastmodified>Wed, 10 Jun 2020 20:49:16 GMT</datelastmodified>
            <userlastmodified>Admin</userlastmodified>
            <datecreated>Wed, 10 Jun 2020 20:49:16 GMT</datecreated>
            <usercreated>Admin</usercreated>
            <flags>0</flags>
            <properties/>
            <relations/>
            <accesscontrol/>
        </file>
        <file>
            <destination>system/modules/com.mediaworx.opencms.ideconnector/classes</destination>
            <type>folder</type>
            <uuidstructure>1032bd63-483c-4851-81e2-d6d267d3e4f1</uuidstructure>
            <datelastmodified>Wed, 10 Jun 2020 20:49:16 GMT</datelastmodified>
            <userlastmodified>Admin</userlastmodified>
            <datecreated>Wed, 10 Jun 2020 20:49:16 GMT</datecreated>
            <usercreated>Admin</usercreated>
            <flags>0</flags>
            <properties/>
            <relations/>
            <accesscontrol/>
        </file>
        <file>
            <destination>system/modules/com.mediaworx.opencms.ideconnector/classes/com</destination>
            <type>folder</type>
            <uuidstructure>35e3231c-bf28-4807-8691-8f599e431cc1</uuidstructure>
            <datelastmodified>Wed, 10 Jun 2020 20:49:16 GMT</datelastmodified>
            <userlastmodified>Admin</userlastmodified>
            <datecreated>Wed, 10 Jun 2020 20:49:16 GMT</datecreated>
            <usercreated>Admin</usercreated>
            <flags>0</flags>
            <properties/>
            <relations/>
            <accesscontrol/>
        </file>
        <file>
            <destination>system/modules/com.mediaworx.opencms.ideconnector/classes/com/mediaworx</destination>
            <type>folder</type>
            <uuidstructure>51801118-fe0e-4117-bd67-4044c71cace8</uuidstructure>
            <datelastmodified>Wed, 10 Jun 2020 20:49:16 GMT</datelastmodified>
            <userlastmodified>Admin</userlastmodified>
            <datecreated>Wed, 10 Jun 2020 20:49:16 GMT</datecreated>
            <usercreated>Admin</usercreated>
            <flags>0</flags>
            <properties/>
            <relations/>
            <accesscontrol/>
        </file>
        <file>
            <destination>system/modules/com.mediaworx.opencms.ideconnector/classes/com/mediaworx/opencms</destination>
            <type>folder</type>
            <uuidstructure>968ec4a9-7322-4b79-afb5-f86ce35f600a</uuidstructure>
            <datelastmodified>Wed, 10 Jun 2020 20:49:16 GMT</datelastmodified>
            <userlastmodified>Admin</userlastmodified>
            <datecreated>Wed, 10 Jun 2020 20:49:16 GMT</datecreated>
            <usercreated>Admin</usercreated>
            <flags>0</flags>
            <properties/>
            <relations/>
            <accesscontrol/>
        </file>
        <file>
            <destination>system/modules/com.mediaworx.opencms.ideconnector/classes/com/mediaworx/opencms/ideconnector</destination>
            <type>folder</type>
            <uuidstructure>23e7fd18-2b81-4d5d-9e9a-6075eafd207a</uuidstructure>
            <datelastmodified>Wed, 10 Jun 2020 20:49:16 GMT</datelastmodified>
            <userlastmodified>Admin</userlastmodified>
            <datecreated>Wed, 10 Jun 2020 20:49:16 GMT</datecreated>
            <usercreated>Admin</usercreated>
            <flags>0</flags>
            <properties/>
            <relations/>
            <accesscontrol/>
        </file>
        <file>
            <source>system/modules/com.mediaworx.opencms.ideconnector/classes/com/mediaworx/opencms/ideconnector/MetaXmlHelper.class</source>
            <destination>system/modules/com.mediaworx.opencms.ideconnector/classes/com/mediaworx/opencms/ideconnector/MetaXmlHelper.class</destination>
            <type>binary</type>
            <uuidstructure>922ad49f-5f0f-4420-976b-a0f79f8ed00d</uuidstructure>
            <uuidresource>88e978bb-a78c-4a01-a13a-1bacba36abfa</uuidresource>
            <datelastmodified>Wed, 10 Jun 2020 21:04:05 GMT</datelastmodified>
            <userlastmodified>Admin</userlastmodified>
            <datecreated>Wed, 10 Jun 2020 21:04:05 GMT</datecreated>
            <usercreated>Admin</usercreated>
            <flags>0</flags>
            <properties/>
            <relations/>
            <accesscontrol/>
        </file>
        <file>
            <destination>system/modules/com.mediaworx.opencms.ideconnector/classes/com/mediaworx/opencms/ideconnector/service</destination>
            <type>folder</type>
            <uuidstructure>f09fe2ad-3839-4d76-b506-5d58ad38836a</uuidstructure>
            <datelastmodified>Wed, 10 Jun 2020 20:49:16 GMT</datelastmodified>
            <userlastmodified>Admin</userlastmodified>
            <datecreated>Wed, 10 Jun 2020 20:49:16 GMT</datecreated>
            <usercreated>Admin</usercreated>
            <flags>0</flags>
            <properties/>
            <relations/>
            <accesscontrol/>
        </file>
        <file>
            <source>system/modules/com.mediaworx.opencms.ideconnector/classes/com/mediaworx/opencms/ideconnector/service/IDEConnectorService.class</source>
            <destination>system/modules/com.mediaworx.opencms.ideconnector/classes/com/mediaworx/opencms/ideconnector/service/IDEConnectorService.class</destination>
            <type>binary</type>
            <uuidstructure>fee8111c-4705-414c-884a-1de611101541</uuidstructure>
            <uuidresource>b9bb5b82-2863-4462-8677-9726af416574</uuidresource>
            <datelastmodified>Wed, 10 Jun 2020 21:04:04 GMT</datelastmodified>
            <userlastmodified>Admin</userlastmodified>
            <datecreated>Wed, 10 Jun 2020 21:04:04 GMT</datecreated>
            <usercreated>Admin</usercreated>
            <flags>0</flags>
            <properties/>
            <relations/>
            <accesscontrol/>
        </file>
        <file>
            <source>system/modules/com.mediaworx.opencms.ideconnector/classes/com/mediaworx/opencms/ideconnector/OpenCmsIDEConnector.class</source>
            <destination>system/modules/com.mediaworx.opencms.ideconnector/classes/com/mediaworx/opencms/ideconnector/OpenCmsIDEConnector.class</destination>
            <type>binary</type>
            <uuidstructure>2f77b685-62ee-45f2-ab51-9545ddaa5327</uuidstructure>
            <uuidresource>1c3bfa3e-f9ab-40bd-b7a4-f6b227b71c49</uuidresource>
            <datelastmodified>Wed, 10 Jun 2020 21:04:05 GMT</datelastmodified>
            <userlastmodified>Admin</userlastmodified>
            <datecreated>Wed, 10 Jun 2020 21:04:05 GMT</datecreated>
            <usercreated>Admin</usercreated>
            <flags>0</flags>
            <properties/>
            <relations/>
            <accesscontrol/>
        </file>
        <file>
            <source>system/modules/com.mediaworx.opencms.ideconnector/test.html</source>
            <destination>system/modules/com.mediaworx.opencms.ideconnector/test.html</destination>
            <type>plain</type>
            <uuidstructure>686325eb-6ce8-4a6b-8839-fc242da7c436</uuidstructure>
            <uuidresource>4a39d2a8-c810-4e58-949a-5b2f4ab21a48</uuidresource>
            <datelastmodified>Wed, 10 Jun 2020 20:49:16 GMT</datelastmodified>
            <userlastmodified>Admin</userlastmodified>
            <datecreated>Wed, 10 Jun 2020 20:49:16 GMT</datecreated>
            <usercreated>Admin</usercreated>
            <flags>0</flags>
            <properties/>
            <relations/>
            <accesscontrol/>
        </file>
        <file>
            <destination>system/modules/com.mediaworx.opencms.ideconnector/lib</destination>
            <type>folder</type>
            <uuidstructure>4c0daeaf-8dc7-4491-824f-7272d480fbe8</uuidstructure>
            <datelastmodified>Wed, 10 Jun 2020 20:49:16 GMT</datelastmodified>
            <userlastmodified>Admin</userlastmodified>
            <datecreated>Wed, 10 Jun 2020 20:49:16 GMT</datecreated>
            <usercreated>Admin</usercreated>
            <flags>0</flags>
            <properties/>
            <relations/>
            <accesscontrol/>
        </file>
        <file>
            <source>system/modules/com.mediaworx.opencms.ideconnector/lib/jackson-mapper-asl.jar</source>
            <destination>system/modules/com.mediaworx.opencms.ideconnector/lib/jackson-mapper-asl.jar</destination>
            <type>binary</type>
            <uuidstructure>596e1b42-7f18-4656-96c9-76581d9e3a08</uuidstructure>
            <uuidresource>ea3b80ee-cbc5-4506-8fd2-25bd110d27c9</uuidresource>
            <datelastmodified>Wed, 10 Jun 2020 21:04:05 GMT</datelastmodified>
            <userlastmodified>Admin</userlastmodified>
            <datecreated>Wed, 10 Jun 2020 21:04:05 GMT</datecreated>
            <usercreated>Admin</usercreated>
            <flags>0</flags>
            <properties/>
            <relations/>
            <accesscontrol/>
        </file>
        <file>
            <source>system/modules/com.mediaworx.opencms.ideconnector/lib/jackson-annotations.jar</source>
            <destination>system/modules/com.mediaworx.opencms.ideconnector/lib/jackson-annotations.jar</destination>
            <type>binary</type>
            <uuidstructure>f8c47bb0-c84a-425b-8f90-c4467d6a9d07</uuidstructure>
            <uuidresource>88550a0a-b754-420b-87f2-21f98f938ade</uuidresource>
            <datelastmodified>Wed, 10 Jun 2020 21:04:05 GMT</datelastmodified>
            <userlastmodified>Admin</userlastmodified>
            <datecreated>Wed, 10 Jun 2020 21:04:05 GMT</datecreated>
            <usercreated>Admin</usercreated>
            <flags>0</flags>
            <properties/>
            <relations/>
            <accesscontrol/>
        </file>
        <file>
            <source>system/modules/com.mediaworx.opencms.ideconnector/lib/jackson-module-mrbean.jar</source>
            <destination>system/modules/com.mediaworx.opencms.ideconnector/lib/jackson-module-mrbean.jar</destination>
            <type>binary</type>
            <uuidstructure>eed379e3-b10f-4a07-8fc6-2aaf3e8a453a</uuidstructure>
            <uuidresource>a041ce63-dedd-4284-8614-cf6fcb0cee57</uuidresource>
            <datelastmodified>Wed, 10 Jun 2020 21:04:05 GMT</datelastmodified>
            <userlastmodified>Admin</userlastmodified>
            <datecreated>Wed, 10 Jun 2020 21:04:05 GMT</datecreated>
            <usercreated>Admin</usercreated>
            <flags>0</flags>
            <properties/>
            <relations/>
            <accesscontrol/>
        </file>
        <file>
            <source>system/modules/com.mediaworx.opencms.ideconnector/lib/asm.jar</source>
            <destination>system/modules/com.mediaworx.opencms.ideconnector/lib/asm.jar</destination>
            <type>binary</type>
            <uuidstructure>ed1ef889-95f7-4624-99ce-8b91e66fd288</uuidstructure>
            <uuidresource>84bdc511-f071-4368-83df-7d7b916a40d7</uuidresource>
            <datelastmodified>Wed, 10 Jun 2020 20:49:16 GMT</datelastmodified>
            <userlastmodified>Admin</userlastmodified>
            <datecreated>Wed, 10 Jun 2020 20:49:16 GMT</datecreated>
            <usercreated>Admin</usercreated>
            <flags>0</flags>
            <properties/>
            <relations/>
            <accesscontrol/>
        </file>
        <file>
            <source>system/modules/com.mediaworx.opencms.ideconnector/lib/jackson-databind.jar</source>
            <destination>system/modules/com.mediaworx.opencms.ideconnector/lib/jackson-databind.jar</destination>
            <type>binary</type>
            <uuidstructure>eb9ee0e4-2176-4c5e-93ff-d9c9e3484f01</uuidstructure>
            <uuidresource>d4e350b5-84e4-4733-adc2-9c9025d1a807</uuidresource>
            <datelastmodified>Wed, 10 Jun 2020 21:04:05 GMT</datelastmodified>
            <userlastmodified>Admin</userlastmodified>
            <datecreated>Wed, 10 Jun 2020 21:04:05 GMT</datecreated>
            <usercreated>Admin</usercreated>
            <flags>0</flags>
            <properties/>
            <relations/>
            <accesscontrol/>
        </file>
        <file>
            <source>system/modules/com.mediaworx.opencms.ideconnector/lib/jackson-core.jar</source>
            <destination>system/modules/com.mediaworx.opencms.ideconnector/lib/jackson-core.jar</destination>
            <type>binary</type>
            <uuidstructure>2f972b32-a73e-46c4-9b08-3a62f38f6fdd</uuidstructure>
            <uuidresource>9fec2159-8b2f-4da6-b22c-49a1477a4983</uuidresource>
            <datelastmodified>Wed, 10 Jun 2020 21:04:05 GMT</datelastmodified>
            <userlastmodified>Admin</userlastmodified>
            <datecreated>Wed, 10 Jun 2020 21:04:05 GMT</datecreated>
            <usercreated>Admin</usercreated>
            <flags>0</flags>
            <properties/>
            <relations/>
            <accesscontrol/>
        </file>
        <file>
            <source>system/modules/com.mediaworx.opencms.ideconnector/lib/jackson-core-asl.jar</source>
            <destination>system/modules/com.mediaworx.opencms.ideconnector/lib/jackson-core-asl.jar</destination>
            <type>binary</type>
            <uuidstructure>5ac6c2d6-1dbf-45b3-87cc-6a32fbefc3e1</uuidstructure>
            <uuidresource>3db57b1a-f39c-421e-8468-e1aadf8c390b</uuidresource>
            <datelastmodified>Wed, 10 Jun 2020 21:04:05 GMT</datelastmodified>
            <userlastmodified>Admin</userlastmodified>
            <datecreated>Wed, 10 Jun 2020 21:04:05 GMT</datecreated>
            <usercreated>Admin</usercreated>
            <flags>0</flags>
            <properties/>
            <relations/>
            <accesscontrol/>
        </file>
        <file>
            <source>system/modules/com.mediaworx.opencms.ideconnector/lib/jackson-jaxrs-json-provider.jar</source>
            <destination>system/modules/com.mediaworx.opencms.ideconnector/lib/jackson-jaxrs-json-provider.jar</destination>
            <type>binary</type>
            <uuidstructure>1a2e5d4d-fc3a-4d10-b47c-90139a4a2d1d</uuidstructure>
            <uuidresource>c96f5d44-3dae-424e-b575-697aa2c9b7b4</uuidresource>
            <datelastmodified>Wed, 10 Jun 2020 21:04:05 GMT</datelastmodified>
            <userlastmodified>Admin</userlastmodified>
            <datecreated>Wed, 10 Jun 2020 21:04:05 GMT</datecreated>
            <usercreated>Admin</usercreated>
            <flags>0</flags>
            <properties/>
            <relations/>
            <accesscontrol/>
        </file>
        <file>
            <source>system/modules/com.mediaworx.opencms.ideconnector/lib/ideconnector-common.jar</source>
            <destination>system/modules/com.mediaworx.opencms.ideconnector/lib/ideconnector-common.jar</destination>
            <type>binary</type>
            <uuidstructure>09cf43bf-f3de-444f-884c-9ceb58e93f2c</uuidstructure>
            <uuidresource>219ab989-8e73-4e2e-be51-cbd4e01fa574</uuidresource>
            <datelastmodified>Wed, 10 Jun 2020 21:04:05 GMT</datelastmodified>
            <userlastmodified>Admin</userlastmodified>
            <datecreated>Wed, 10 Jun 2020 21:04:05 GMT</datecreated>
            <usercreated>Admin</usercreated>
            <flags>0</flags>
            <properties/>
            <relations/>
            <accesscontrol/>
        </file>
        <file>
            <source>system/modules/com.mediaworx.opencms.ideconnector/lib/jackson-module-jaxb-annotations.jar</source>
            <destination>system/modules/com.mediaworx.opencms.ideconnector/lib/jackson-module-jaxb-annotations.jar</destination>
            <type>binary</type>
            <uuidstructure>075a6c9f-582a-489f-85c6-35ef8cfa29a5</uuidstructure>
            <uuidresource>d5e02a58-02df-4fbc-beb6-5a038d651c67</uuidresource>
            <datelastmodified>Wed, 10 Jun 2020 21:04:05 GMT</datelastmodified>
            <userlastmodified>Admin</userlastmodified>
            <datecreated>Wed, 10 Jun 2020 21:04:05 GMT</datecreated>
            <usercreated>Admin</usercreated>
            <flags>0</flags>
            <properties/>
            <relations/>
            <accesscontrol/>
        </file>
        <file>
            <source>system/modules/com.mediaworx.opencms.ideconnector/lib/jackson-jaxrs-base.jar</source>
            <destination>system/modules/com.mediaworx.opencms.ideconnector/lib/jackson-jaxrs-base.jar</destination>
            <type>binary</type>
            <uuidstructure>e68b1fb9-aaee-4b18-a620-47e726d8a0c0</uuidstructure>
            <uuidresource>9bb42a5c-fcec-429c-9230-bff2ea27f5e0</uuidresource>
            <datelastmodified>Wed, 10 Jun 2020 21:04:05 GMT</datelastmodified>
            <userlastmodified>Admin</userlastmodified>
            <datecreated>Wed, 10 Jun 2020 21:04:05 GMT</datecreated>
            <usercreated>Admin</usercreated>
            <flags>0</flags>
            <properties/>
            <relations/>
            <accesscontrol/>
        </file>
        <file>
            <source>system/modules/com.mediaworx.opencms.ideconnector/connector.jsp</source>
            <destination>system/modules/com.mediaworx.opencms.ideconnector/connector.jsp</destination>
            <type>jsp</type>
            <uuidstructure>81894df9-f6d5-4c63-b147-ac4ffac31323</uuidstructure>
            <uuidresource>cf360935-5b74-46b3-8b27-799051335ceb</uuidresource>
            <datelastmodified>Wed, 10 Jun 2020 20:49:16 GMT</datelastmodified>
            <userlastmodified>Admin</userlastmodified>
            <datecreated>Wed, 10 Jun 2020 20:49:16 GMT</datecreated>
            <usercreated>Admin</usercreated>
            <flags>0</flags>
            <properties>
                <property>
                    <name>content-encoding</name>
                    <value><![CDATA[UTF-8]]></value>
                </property>
                <property type="shared">
                    <name>export</name>
                    <value><![CDATA[false]]></value>
                </property>
            </properties>
            <relations/>
            <accesscontrol/>
        </file>
    </files>
</export>
