<?xml version="1.0" encoding="UTF-8"?>
<export>
    <info>
        <creator>Admin</creator>
        <opencms_version>10.5.4</opencms_version>
        <createdate>Wed, 11 Aug 2021 22:36:59 GMT</createdate>
        <infoproject>Offline</infoproject>
        <export_version>7</export_version>
    </info>
    <module>
        <name>com.mediaworx.opencms.ideconnector</name>
        <nicename><![CDATA[Connector for IDEs]]></nicename>
        <group>com.mediaworx.opencms</group>
        <class/>
        <export-mode name="default"/>
        <description><![CDATA[Provides a connector for IDEs like IntelliJ, enables publishing functionality and provides meta data for VFS resources.]]></description>
        <version>2.1</version>
        <authorname><![CDATA[Kai Widmann]]></authorname>
        <authoremail><![CDATA[widmann@mediaworx.com]]></authoremail>
        <datecreated/>
        <userinstalled/>
        <dateinstalled/>
        <dependencies/>
        <exportpoints>
            <exportpoint destination="WEB-INF/classes/" uri="/system/modules/com.mediaworx.opencms.ideconnector/classes/"/>
            <exportpoint destination="WEB-INF/lib/" uri="/system/modules/com.mediaworx.opencms.ideconnector/lib/"/>
        </exportpoints>
        <resources>
            <resource uri="/system/modules/com.mediaworx.opencms.ideconnector/"/>
        </resources>
        <excluderesources/>
        <parameters/>
    </module>
    <files>
        <file>
            <destination>system</destination>
            <type>folder</type>
            <uuidstructure>310a34f1-74b2-4503-b8cd-55616f079f39</uuidstructure>
            <datelastmodified>Wed, 11 Aug 2021 22:36:08 GMT</datelastmodified>
            <userlastmodified>Admin</userlastmodified>
            <datecreated>Wed, 11 Aug 2021 22:36:08 GMT</datecreated>
            <usercreated>Admin</usercreated>
            <flags>0</flags>
            <properties/>
            <relations/>
            <accesscontrol>
                <accessentry>
                    <uuidprincipal>ROLE.WORKPLACE_USER</uuidprincipal>
                    <flags>514</flags>
                    <permissionset>
                        <allowed>1</allowed>
                        <denied>0</denied>
                    </permissionset>
                </accessentry>
            </accesscontrol>
        </file>
        <file>
            <destination>system/modules</destination>
            <type>folder</type>
            <uuidstructure>1c1b5925-2180-4d0e-8c32-7c1bc36f0834</uuidstructure>
            <datelastmodified>Wed, 11 Aug 2021 22:36:08 GMT</datelastmodified>
            <userlastmodified>Admin</userlastmodified>
            <datecreated>Wed, 11 Aug 2021 22:36:08 GMT</datecreated>
            <usercreated>Admin</usercreated>
            <flags>0</flags>
            <properties/>
            <relations/>
            <accesscontrol>
                <accessentry>
                    <uuidprincipal>ROLE.WORKPLACE_USER</uuidprincipal>
                    <flags>514</flags>
                    <permissionset>
                        <allowed>5</allowed>
                        <denied>0</denied>
                    </permissionset>
                </accessentry>
            </accesscontrol>
        </file>
        <file>
            <destination>system/modules/com.mediaworx.opencms.ideconnector</destination>
            <type>folder</type>
            <uuidstructure>5ee506be-aec2-44c7-b5b9-5b3d31859053</uuidstructure>
            <datelastmodified>Wed, 11 Aug 2021 22:36:08 GMT</datelastmodified>
            <userlastmodified>Admin</userlastmodified>
            <datecreated>Wed, 11 Aug 2021 22:36:08 GMT</datecreated>
            <usercreated>Admin</usercreated>
            <flags>0</flags>
            <properties/>
            <relations/>
            <accesscontrol/>
        </file>
        <file>
            <destination>system/modules/com.mediaworx.opencms.ideconnector/classes</destination>
            <type>folder</type>
            <uuidstructure>512b6fd5-b30b-4541-ab30-e5af7ce206f4</uuidstructure>
            <datelastmodified>Wed, 11 Aug 2021 22:36:08 GMT</datelastmodified>
            <userlastmodified>Admin</userlastmodified>
            <datecreated>Wed, 11 Aug 2021 22:36:08 GMT</datecreated>
            <usercreated>Admin</usercreated>
            <flags>0</flags>
            <properties/>
            <relations/>
            <accesscontrol/>
        </file>
        <file>
            <destination>system/modules/com.mediaworx.opencms.ideconnector/classes/com</destination>
            <type>folder</type>
            <uuidstructure>fe42cac7-5463-496a-bb4f-4404e78d8122</uuidstructure>
            <datelastmodified>Wed, 11 Aug 2021 22:36:08 GMT</datelastmodified>
            <userlastmodified>Admin</userlastmodified>
            <datecreated>Wed, 11 Aug 2021 22:36:08 GMT</datecreated>
            <usercreated>Admin</usercreated>
            <flags>0</flags>
            <properties/>
            <relations/>
            <accesscontrol/>
        </file>
        <file>
            <destination>system/modules/com.mediaworx.opencms.ideconnector/classes/com/mediaworx</destination>
            <type>folder</type>
            <uuidstructure>0b5cfab7-a96f-42ad-923d-ada617720d08</uuidstructure>
            <datelastmodified>Wed, 11 Aug 2021 22:36:08 GMT</datelastmodified>
            <userlastmodified>Admin</userlastmodified>
            <datecreated>Wed, 11 Aug 2021 22:36:08 GMT</datecreated>
            <usercreated>Admin</usercreated>
            <flags>0</flags>
            <properties/>
            <relations/>
            <accesscontrol/>
        </file>
        <file>
            <destination>system/modules/com.mediaworx.opencms.ideconnector/classes/com/mediaworx/opencms</destination>
            <type>folder</type>
            <uuidstructure>45932bb1-d7e7-4a0d-b64f-2848c583a95b</uuidstructure>
            <datelastmodified>Wed, 11 Aug 2021 22:36:08 GMT</datelastmodified>
            <userlastmodified>Admin</userlastmodified>
            <datecreated>Wed, 11 Aug 2021 22:36:08 GMT</datecreated>
            <usercreated>Admin</usercreated>
            <flags>0</flags>
            <properties/>
            <relations/>
            <accesscontrol/>
        </file>
        <file>
            <destination>system/modules/com.mediaworx.opencms.ideconnector/classes/com/mediaworx/opencms/ideconnector</destination>
            <type>folder</type>
            <uuidstructure>f394e671-8242-4268-b9bd-9c8f3b88cdaa</uuidstructure>
            <datelastmodified>Wed, 11 Aug 2021 22:36:08 GMT</datelastmodified>
            <userlastmodified>Admin</userlastmodified>
            <datecreated>Wed, 11 Aug 2021 22:36:08 GMT</datecreated>
            <usercreated>Admin</usercreated>
            <flags>0</flags>
            <properties/>
            <relations/>
            <accesscontrol/>
        </file>
        <file>
            <source>system/modules/com.mediaworx.opencms.ideconnector/classes/com/mediaworx/opencms/ideconnector/MetaXmlHelper.class</source>
            <destination>system/modules/com.mediaworx.opencms.ideconnector/classes/com/mediaworx/opencms/ideconnector/MetaXmlHelper.class</destination>
            <type>binary</type>
            <uuidstructure>9ab8acb4-afa9-4f04-ae2a-0beb06ebba36</uuidstructure>
            <uuidresource>0bad78cc-46f5-4a34-a0e1-dba081a52261</uuidresource>
            <datelastmodified>Wed, 11 Aug 2021 22:36:58 GMT</datelastmodified>
            <userlastmodified>Admin</userlastmodified>
            <datecreated>Wed, 11 Aug 2021 22:36:58 GMT</datecreated>
            <usercreated>Admin</usercreated>
            <flags>0</flags>
            <properties/>
            <relations/>
            <accesscontrol/>
        </file>
        <file>
            <destination>system/modules/com.mediaworx.opencms.ideconnector/classes/com/mediaworx/opencms/ideconnector/service</destination>
            <type>folder</type>
            <uuidstructure>1909f016-e8e9-4b50-96ea-54b90f93e452</uuidstructure>
            <datelastmodified>Wed, 11 Aug 2021 22:36:08 GMT</datelastmodified>
            <userlastmodified>Admin</userlastmodified>
            <datecreated>Wed, 11 Aug 2021 22:36:08 GMT</datecreated>
            <usercreated>Admin</usercreated>
            <flags>0</flags>
            <properties/>
            <relations/>
            <accesscontrol/>
        </file>
        <file>
            <source>system/modules/com.mediaworx.opencms.ideconnector/classes/com/mediaworx/opencms/ideconnector/service/IDEConnectorService.class</source>
            <destination>system/modules/com.mediaworx.opencms.ideconnector/classes/com/mediaworx/opencms/ideconnector/service/IDEConnectorService.class</destination>
            <type>binary</type>
            <uuidstructure>5c20498b-845c-4995-9d15-0ab0f0a4481b</uuidstructure>
            <uuidresource>58857351-491c-41eb-b567-abf1163a9e41</uuidresource>
            <datelastmodified>Wed, 11 Aug 2021 22:36:58 GMT</datelastmodified>
            <userlastmodified>Admin</userlastmodified>
            <datecreated>Wed, 11 Aug 2021 22:36:58 GMT</datecreated>
            <usercreated>Admin</usercreated>
            <flags>0</flags>
            <properties/>
            <relations/>
            <accesscontrol/>
        </file>
        <file>
            <source>system/modules/com.mediaworx.opencms.ideconnector/classes/com/mediaworx/opencms/ideconnector/OpenCmsIDEConnector.class</source>
            <destination>system/modules/com.mediaworx.opencms.ideconnector/classes/com/mediaworx/opencms/ideconnector/OpenCmsIDEConnector.class</destination>
            <type>binary</type>
            <uuidstructure>ef899404-0cf8-44e4-83a4-f2f9eb897a67</uuidstructure>
            <uuidresource>98a68c85-29ba-4014-a96e-b92f853086ee</uuidresource>
            <datelastmodified>Wed, 11 Aug 2021 22:36:58 GMT</datelastmodified>
            <userlastmodified>Admin</userlastmodified>
            <datecreated>Wed, 11 Aug 2021 22:36:58 GMT</datecreated>
            <usercreated>Admin</usercreated>
            <flags>0</flags>
            <properties/>
            <relations/>
            <accesscontrol/>
        </file>
        <file>
            <source>system/modules/com.mediaworx.opencms.ideconnector/test.html</source>
            <destination>system/modules/com.mediaworx.opencms.ideconnector/test.html</destination>
            <type>plain</type>
            <uuidstructure>bec0ff64-b49c-4d64-880d-0697eadde57d</uuidstructure>
            <uuidresource>fc052dd1-d5f8-453a-9e29-0778397e97eb</uuidresource>
            <datelastmodified>Wed, 11 Aug 2021 22:36:08 GMT</datelastmodified>
            <userlastmodified>Admin</userlastmodified>
            <datecreated>Wed, 11 Aug 2021 22:36:08 GMT</datecreated>
            <usercreated>Admin</usercreated>
            <flags>0</flags>
            <properties/>
            <relations/>
            <accesscontrol/>
        </file>
        <file>
            <destination>system/modules/com.mediaworx.opencms.ideconnector/lib</destination>
            <type>folder</type>
            <uuidstructure>8a16e3d6-c223-4e6c-8d29-4cae44513eb5</uuidstructure>
            <datelastmodified>Wed, 11 Aug 2021 22:36:08 GMT</datelastmodified>
            <userlastmodified>Admin</userlastmodified>
            <datecreated>Wed, 11 Aug 2021 22:36:08 GMT</datecreated>
            <usercreated>Admin</usercreated>
            <flags>0</flags>
            <properties/>
            <relations/>
            <accesscontrol/>
        </file>
        <file>
            <source>system/modules/com.mediaworx.opencms.ideconnector/lib/jackson-mapper-asl.jar</source>
            <destination>system/modules/com.mediaworx.opencms.ideconnector/lib/jackson-mapper-asl.jar</destination>
            <type>binary</type>
            <uuidstructure>f6483747-950d-4e0e-8381-e468d93556dc</uuidstructure>
            <uuidresource>0af19738-3fb9-4068-ad0d-fd0e873cded0</uuidresource>
            <datelastmodified>Wed, 11 Aug 2021 22:36:59 GMT</datelastmodified>
            <userlastmodified>Admin</userlastmodified>
            <datecreated>Wed, 11 Aug 2021 22:36:59 GMT</datecreated>
            <usercreated>Admin</usercreated>
            <flags>0</flags>
            <properties/>
            <relations/>
            <accesscontrol/>
        </file>
        <file>
            <source>system/modules/com.mediaworx.opencms.ideconnector/lib/jackson-annotations.jar</source>
            <destination>system/modules/com.mediaworx.opencms.ideconnector/lib/jackson-annotations.jar</destination>
            <type>binary</type>
            <uuidstructure>7dcbf2d0-87b2-4736-9f98-bcb8fc68b4ec</uuidstructure>
            <uuidresource>ac500701-7a35-4481-8ae3-85ec9a162cfc</uuidresource>
            <datelastmodified>Wed, 11 Aug 2021 22:36:59 GMT</datelastmodified>
            <userlastmodified>Admin</userlastmodified>
            <datecreated>Wed, 11 Aug 2021 22:36:59 GMT</datecreated>
            <usercreated>Admin</usercreated>
            <flags>0</flags>
            <properties/>
            <relations/>
            <accesscontrol/>
        </file>
        <file>
            <source>system/modules/com.mediaworx.opencms.ideconnector/lib/jackson-module-mrbean.jar</source>
            <destination>system/modules/com.mediaworx.opencms.ideconnector/lib/jackson-module-mrbean.jar</destination>
            <type>binary</type>
            <uuidstructure>f115c292-f99d-40d7-8e88-5afd969021c1</uuidstructure>
            <uuidresource>a555c40b-ffc5-45fe-9264-7201c488003b</uuidresource>
            <datelastmodified>Wed, 11 Aug 2021 22:36:59 GMT</datelastmodified>
            <userlastmodified>Admin</userlastmodified>
            <datecreated>Wed, 11 Aug 2021 22:36:59 GMT</datecreated>
            <usercreated>Admin</usercreated>
            <flags>0</flags>
            <properties/>
            <relations/>
            <accesscontrol/>
        </file>
        <file>
            <source>system/modules/com.mediaworx.opencms.ideconnector/lib/asm.jar</source>
            <destination>system/modules/com.mediaworx.opencms.ideconnector/lib/asm.jar</destination>
            <type>binary</type>
            <uuidstructure>7638c391-69b8-4ab3-8c62-24f0f3a8cef8</uuidstructure>
            <uuidresource>a9dc004c-c0d7-4c66-b1c4-431fb5066042</uuidresource>
            <datelastmodified>Wed, 11 Aug 2021 22:36:08 GMT</datelastmodified>
            <userlastmodified>Admin</userlastmodified>
            <datecreated>Wed, 11 Aug 2021 22:36:08 GMT</datecreated>
            <usercreated>Admin</usercreated>
            <flags>0</flags>
            <properties/>
            <relations/>
            <accesscontrol/>
        </file>
        <file>
            <source>system/modules/com.mediaworx.opencms.ideconnector/lib/jackson-databind.jar</source>
            <destination>system/modules/com.mediaworx.opencms.ideconnector/lib/jackson-databind.jar</destination>
            <type>binary</type>
            <uuidstructure>330767e3-bac3-4663-98e6-14ba7a15bf28</uuidstructure>
            <uuidresource>8a742792-f62c-40dd-8aaa-3401f3b33723</uuidresource>
            <datelastmodified>Wed, 11 Aug 2021 22:36:59 GMT</datelastmodified>
            <userlastmodified>Admin</userlastmodified>
            <datecreated>Wed, 11 Aug 2021 22:36:59 GMT</datecreated>
            <usercreated>Admin</usercreated>
            <flags>0</flags>
            <properties/>
            <relations/>
            <accesscontrol/>
        </file>
        <file>
            <source>system/modules/com.mediaworx.opencms.ideconnector/lib/jackson-core.jar</source>
            <destination>system/modules/com.mediaworx.opencms.ideconnector/lib/jackson-core.jar</destination>
            <type>binary</type>
            <uuidstructure>ffaca503-ea0b-44e0-bdc8-4c06adcdcb5d</uuidstructure>
            <uuidresource>edbd8818-419e-47a5-845e-2e073838c177</uuidresource>
            <datelastmodified>Wed, 11 Aug 2021 22:36:59 GMT</datelastmodified>
            <userlastmodified>Admin</userlastmodified>
            <datecreated>Wed, 11 Aug 2021 22:36:59 GMT</datecreated>
            <usercreated>Admin</usercreated>
            <flags>0</flags>
            <properties/>
            <relations/>
            <accesscontrol/>
        </file>
        <file>
            <source>system/modules/com.mediaworx.opencms.ideconnector/lib/jackson-core-asl.jar</source>
            <destination>system/modules/com.mediaworx.opencms.ideconnector/lib/jackson-core-asl.jar</destination>
            <type>binary</type>
            <uuidstructure>df657b0c-312e-4bab-8f6a-20cfb7bde454</uuidstructure>
            <uuidresource>362e8f5e-08fd-4550-b763-d2a98735c04f</uuidresource>
            <datelastmodified>Wed, 11 Aug 2021 22:36:59 GMT</datelastmodified>
            <userlastmodified>Admin</userlastmodified>
            <datecreated>Wed, 11 Aug 2021 22:36:59 GMT</datecreated>
            <usercreated>Admin</usercreated>
            <flags>0</flags>
            <properties/>
            <relations/>
            <accesscontrol/>
        </file>
        <file>
            <source>system/modules/com.mediaworx.opencms.ideconnector/lib/jackson-jaxrs-json-provider.jar</source>
            <destination>system/modules/com.mediaworx.opencms.ideconnector/lib/jackson-jaxrs-json-provider.jar</destination>
            <type>binary</type>
            <uuidstructure>822e8c86-4d3a-4682-a8f3-1e71a44bec65</uuidstructure>
            <uuidresource>6f83ec91-f770-4ed4-afe3-e47c9328fd76</uuidresource>
            <datelastmodified>Wed, 11 Aug 2021 22:36:59 GMT</datelastmodified>
            <userlastmodified>Admin</userlastmodified>
            <datecreated>Wed, 11 Aug 2021 22:36:59 GMT</datecreated>
            <usercreated>Admin</usercreated>
            <flags>0</flags>
            <properties/>
            <relations/>
            <accesscontrol/>
        </file>
        <file>
            <source>system/modules/com.mediaworx.opencms.ideconnector/lib/ideconnector-common.jar</source>
            <destination>system/modules/com.mediaworx.opencms.ideconnector/lib/ideconnector-common.jar</destination>
            <type>binary</type>
            <uuidstructure>2e979dee-8f98-45ad-9464-3a128e299f0f</uuidstructure>
            <uuidresource>acc84451-1e77-4b4c-a9b6-a3eae2311f13</uuidresource>
            <datelastmodified>Wed, 11 Aug 2021 22:36:59 GMT</datelastmodified>
            <userlastmodified>Admin</userlastmodified>
            <datecreated>Wed, 11 Aug 2021 22:36:59 GMT</datecreated>
            <usercreated>Admin</usercreated>
            <flags>0</flags>
            <properties/>
            <relations/>
            <accesscontrol/>
        </file>
        <file>
            <source>system/modules/com.mediaworx.opencms.ideconnector/lib/jackson-module-jaxb-annotations.jar</source>
            <destination>system/modules/com.mediaworx.opencms.ideconnector/lib/jackson-module-jaxb-annotations.jar</destination>
            <type>binary</type>
            <uuidstructure>7790d4ad-c9a8-46a5-ac5c-e412775b5330</uuidstructure>
            <uuidresource>0fc965a4-32dc-4b62-8899-bea2fbbb6abb</uuidresource>
            <datelastmodified>Wed, 11 Aug 2021 22:36:59 GMT</datelastmodified>
            <userlastmodified>Admin</userlastmodified>
            <datecreated>Wed, 11 Aug 2021 22:36:59 GMT</datecreated>
            <usercreated>Admin</usercreated>
            <flags>0</flags>
            <properties/>
            <relations/>
            <accesscontrol/>
        </file>
        <file>
            <source>system/modules/com.mediaworx.opencms.ideconnector/lib/jackson-jaxrs-base.jar</source>
            <destination>system/modules/com.mediaworx.opencms.ideconnector/lib/jackson-jaxrs-base.jar</destination>
            <type>binary</type>
            <uuidstructure>481f801e-5f63-40d5-b5a3-d620c66f63f7</uuidstructure>
            <uuidresource>f007edd8-210c-462d-84db-a923453387da</uuidresource>
            <datelastmodified>Wed, 11 Aug 2021 22:36:59 GMT</datelastmodified>
            <userlastmodified>Admin</userlastmodified>
            <datecreated>Wed, 11 Aug 2021 22:36:59 GMT</datecreated>
            <usercreated>Admin</usercreated>
            <flags>0</flags>
            <properties/>
            <relations/>
            <accesscontrol/>
        </file>
        <file>
            <source>system/modules/com.mediaworx.opencms.ideconnector/connector.jsp</source>
            <destination>system/modules/com.mediaworx.opencms.ideconnector/connector.jsp</destination>
            <type>jsp</type>
            <uuidstructure>5da4d6d7-f92e-45a5-8f5d-10c14356f9c7</uuidstructure>
            <uuidresource>ac47f394-1ef8-463f-8b08-85718013efcc</uuidresource>
            <datelastmodified>Wed, 11 Aug 2021 22:36:08 GMT</datelastmodified>
            <userlastmodified>Admin</userlastmodified>
            <datecreated>Wed, 11 Aug 2021 22:36:08 GMT</datecreated>
            <usercreated>Admin</usercreated>
            <flags>0</flags>
            <properties>
                <property>
                    <name>content-encoding</name>
                    <value><![CDATA[UTF-8]]></value>
                </property>
                <property type="shared">
                    <name>export</name>
                    <value><![CDATA[false]]></value>
                </property>
            </properties>
            <relations/>
            <accesscontrol/>
        </file>
    </files>
</export>
