<?xml version="1.0" encoding="UTF-8"?>
<export>
    <info>
        <creator>Admin</creator>
        <opencms_version>10.5.4</opencms_version>
        <createdate>Wed, 11 Aug 2021 22:33:57 GMT</createdate>
        <infoproject>Offline</infoproject>
        <export_version>7</export_version>
    </info>
    <module>
        <name>com.mediaworx.opencms.ideconnector105</name>
        <nicename><![CDATA[Connector for IDEs, OpenCms 10.5 version]]></nicename>
        <group>com.mediaworx.opencms</group>
        <class/>
        <export-mode name="default"/>
        <description><![CDATA[Provides a connector for IDEs like IntelliJ, enables publishing functionality and provides meta data for VFS resources.]]></description>
        <version>2.1</version>
        <authorname><![CDATA[Kai Widmann]]></authorname>
        <authoremail><![CDATA[widmann@mediaworx.com]]></authoremail>
        <datecreated/>
        <userinstalled/>
        <dateinstalled/>
        <dependencies/>
        <exportpoints>
            <exportpoint destination="WEB-INF/classes/" uri="/system/modules/com.mediaworx.opencms.ideconnector105/classes/"/>
            <exportpoint destination="WEB-INF/lib/" uri="/system/modules/com.mediaworx.opencms.ideconnector105/lib/"/>
        </exportpoints>
        <resources>
            <resource uri="/system/modules/com.mediaworx.opencms.ideconnector105/"/>
        </resources>
        <excluderesources/>
        <parameters/>
    </module>
    <files>
        <file>
            <destination>system</destination>
            <type>folder</type>
            <uuidstructure>ba90ea04-d727-41be-a902-e8acdf8afb15</uuidstructure>
            <datelastmodified>Tue, 10 Aug 2021 17:59:33 GMT</datelastmodified>
            <userlastmodified>Admin</userlastmodified>
            <datecreated>Tue, 10 Aug 2021 17:59:33 GMT</datecreated>
            <usercreated>Admin</usercreated>
            <flags>0</flags>
            <properties/>
            <relations/>
            <accesscontrol>
                <accessentry>
                    <uuidprincipal>ROLE.WORKPLACE_USER</uuidprincipal>
                    <flags>514</flags>
                    <permissionset>
                        <allowed>1</allowed>
                        <denied>0</denied>
                    </permissionset>
                </accessentry>
            </accesscontrol>
        </file>
        <file>
            <destination>system/modules</destination>
            <type>folder</type>
            <uuidstructure>a998b1d0-71fc-4602-9453-95115b92385b</uuidstructure>
            <datelastmodified>Tue, 10 Aug 2021 17:59:33 GMT</datelastmodified>
            <userlastmodified>Admin</userlastmodified>
            <datecreated>Tue, 10 Aug 2021 17:59:33 GMT</datecreated>
            <usercreated>Admin</usercreated>
            <flags>0</flags>
            <properties/>
            <relations/>
            <accesscontrol>
                <accessentry>
                    <uuidprincipal>ROLE.WORKPLACE_USER</uuidprincipal>
                    <flags>514</flags>
                    <permissionset>
                        <allowed>5</allowed>
                        <denied>0</denied>
                    </permissionset>
                </accessentry>
            </accesscontrol>
        </file>
        <file>
            <destination>system/modules/com.mediaworx.opencms.ideconnector105</destination>
            <type>folder</type>
            <uuidstructure>544c01c4-776b-4864-8a22-8f768c3a8f2b</uuidstructure>
            <datelastmodified>Tue, 10 Aug 2021 17:59:33 GMT</datelastmodified>
            <userlastmodified>Admin</userlastmodified>
            <datecreated>Tue, 10 Aug 2021 17:59:33 GMT</datecreated>
            <usercreated>Admin</usercreated>
            <flags>0</flags>
            <properties/>
            <relations/>
            <accesscontrol/>
        </file>
        <file>
            <destination>system/modules/com.mediaworx.opencms.ideconnector105/classes</destination>
            <type>folder</type>
            <uuidstructure>bc7585d5-1825-4e3e-a0d0-42cadf26099b</uuidstructure>
            <datelastmodified>Tue, 10 Aug 2021 17:59:33 GMT</datelastmodified>
            <userlastmodified>Admin</userlastmodified>
            <datecreated>Tue, 10 Aug 2021 17:59:33 GMT</datecreated>
            <usercreated>Admin</usercreated>
            <flags>0</flags>
            <properties/>
            <relations/>
            <accesscontrol/>
        </file>
        <file>
            <destination>system/modules/com.mediaworx.opencms.ideconnector105/classes/com</destination>
            <type>folder</type>
            <uuidstructure>26ef63cb-34f6-4546-a3f9-1a69d5eab044</uuidstructure>
            <datelastmodified>Tue, 10 Aug 2021 17:59:33 GMT</datelastmodified>
            <userlastmodified>Admin</userlastmodified>
            <datecreated>Tue, 10 Aug 2021 17:59:33 GMT</datecreated>
            <usercreated>Admin</usercreated>
            <flags>0</flags>
            <properties/>
            <relations/>
            <accesscontrol/>
        </file>
        <file>
            <destination>system/modules/com.mediaworx.opencms.ideconnector105/classes/com/mediaworx</destination>
            <type>folder</type>
            <uuidstructure>523a4a23-bc81-4467-8af7-1a4cacc61e1d</uuidstructure>
            <datelastmodified>Tue, 10 Aug 2021 17:59:33 GMT</datelastmodified>
            <userlastmodified>Admin</userlastmodified>
            <datecreated>Tue, 10 Aug 2021 17:59:33 GMT</datecreated>
            <usercreated>Admin</usercreated>
            <flags>0</flags>
            <properties/>
            <relations/>
            <accesscontrol/>
        </file>
        <file>
            <destination>system/modules/com.mediaworx.opencms.ideconnector105/classes/com/mediaworx/opencms</destination>
            <type>folder</type>
            <uuidstructure>0960712e-dbdd-4ced-ad6b-bd45f42cd8b2</uuidstructure>
            <datelastmodified>Tue, 10 Aug 2021 17:59:33 GMT</datelastmodified>
            <userlastmodified>Admin</userlastmodified>
            <datecreated>Tue, 10 Aug 2021 17:59:33 GMT</datecreated>
            <usercreated>Admin</usercreated>
            <flags>0</flags>
            <properties/>
            <relations/>
            <accesscontrol/>
        </file>
        <file>
            <destination>system/modules/com.mediaworx.opencms.ideconnector105/classes/com/mediaworx/opencms/ideconnector</destination>
            <type>folder</type>
            <uuidstructure>01bf0f79-5493-4b11-a14a-c62a5df2c11f</uuidstructure>
            <datelastmodified>Tue, 10 Aug 2021 17:59:33 GMT</datelastmodified>
            <userlastmodified>Admin</userlastmodified>
            <datecreated>Tue, 10 Aug 2021 17:59:33 GMT</datecreated>
            <usercreated>Admin</usercreated>
            <flags>0</flags>
            <properties/>
            <relations/>
            <accesscontrol/>
        </file>
        <file>
            <source>system/modules/com.mediaworx.opencms.ideconnector105/classes/com/mediaworx/opencms/ideconnector/MetaXmlHelper.class</source>
            <destination>system/modules/com.mediaworx.opencms.ideconnector105/classes/com/mediaworx/opencms/ideconnector/MetaXmlHelper.class</destination>
            <type>binary</type>
            <uuidstructure>659375f4-2311-4d25-905b-9b2150db71d1</uuidstructure>
            <uuidresource>fe4a747d-a68f-41fc-a562-1c0c7378e2c2</uuidresource>
            <datelastmodified>Tue, 10 Aug 2021 18:09:28 GMT</datelastmodified>
            <userlastmodified>Admin</userlastmodified>
            <datecreated>Tue, 10 Aug 2021 18:09:28 GMT</datecreated>
            <usercreated>Admin</usercreated>
            <flags>0</flags>
            <properties/>
            <relations/>
            <accesscontrol/>
        </file>
        <file>
            <destination>system/modules/com.mediaworx.opencms.ideconnector105/classes/com/mediaworx/opencms/ideconnector/service</destination>
            <type>folder</type>
            <uuidstructure>44787467-861d-4198-a15a-55e6a81d1107</uuidstructure>
            <datelastmodified>Tue, 10 Aug 2021 17:59:33 GMT</datelastmodified>
            <userlastmodified>Admin</userlastmodified>
            <datecreated>Tue, 10 Aug 2021 17:59:33 GMT</datecreated>
            <usercreated>Admin</usercreated>
            <flags>0</flags>
            <properties/>
            <relations/>
            <accesscontrol/>
        </file>
        <file>
            <source>system/modules/com.mediaworx.opencms.ideconnector105/classes/com/mediaworx/opencms/ideconnector/service/IDEConnectorService.class</source>
            <destination>system/modules/com.mediaworx.opencms.ideconnector105/classes/com/mediaworx/opencms/ideconnector/service/IDEConnectorService.class</destination>
            <type>binary</type>
            <uuidstructure>74368dd8-df10-4f8e-9f64-6ec918dc1d04</uuidstructure>
            <uuidresource>e73cf0d5-41ba-4ff9-82f8-09510c622b1b</uuidresource>
            <datelastmodified>Tue, 10 Aug 2021 18:09:28 GMT</datelastmodified>
            <userlastmodified>Admin</userlastmodified>
            <datecreated>Tue, 10 Aug 2021 18:09:28 GMT</datecreated>
            <usercreated>Admin</usercreated>
            <flags>0</flags>
            <properties/>
            <relations/>
            <accesscontrol/>
        </file>
        <file>
            <source>system/modules/com.mediaworx.opencms.ideconnector105/classes/com/mediaworx/opencms/ideconnector/OpenCmsIDEConnector.class</source>
            <destination>system/modules/com.mediaworx.opencms.ideconnector105/classes/com/mediaworx/opencms/ideconnector/OpenCmsIDEConnector.class</destination>
            <type>binary</type>
            <uuidstructure>cd2ced90-24bb-4421-9421-9c9dc571040c</uuidstructure>
            <uuidresource>82a53623-356c-4048-aec0-e82cbb4c067c</uuidresource>
            <datelastmodified>Tue, 10 Aug 2021 18:09:28 GMT</datelastmodified>
            <userlastmodified>Admin</userlastmodified>
            <datecreated>Tue, 10 Aug 2021 18:09:28 GMT</datecreated>
            <usercreated>Admin</usercreated>
            <flags>0</flags>
            <properties/>
            <relations/>
            <accesscontrol/>
        </file>
        <file>
            <source>system/modules/com.mediaworx.opencms.ideconnector105/test.html</source>
            <destination>system/modules/com.mediaworx.opencms.ideconnector105/test.html</destination>
            <type>plain</type>
            <uuidstructure>f18236c2-bdd5-4383-90a1-8046db8e8d4d</uuidstructure>
            <uuidresource>aeb7383c-6628-4954-b436-2a22bab17083</uuidresource>
            <datelastmodified>Tue, 10 Aug 2021 17:59:33 GMT</datelastmodified>
            <userlastmodified>Admin</userlastmodified>
            <datecreated>Tue, 10 Aug 2021 17:59:33 GMT</datecreated>
            <usercreated>Admin</usercreated>
            <flags>0</flags>
            <properties/>
            <relations/>
            <accesscontrol/>
        </file>
        <file>
            <destination>system/modules/com.mediaworx.opencms.ideconnector105/lib</destination>
            <type>folder</type>
            <uuidstructure>c094ec7c-be64-4f02-9c65-849f68e0d43c</uuidstructure>
            <datelastmodified>Tue, 10 Aug 2021 17:59:33 GMT</datelastmodified>
            <userlastmodified>Admin</userlastmodified>
            <datecreated>Tue, 10 Aug 2021 17:59:33 GMT</datecreated>
            <usercreated>Admin</usercreated>
            <flags>0</flags>
            <properties/>
            <relations/>
            <accesscontrol/>
        </file>
        <file>
            <source>system/modules/com.mediaworx.opencms.ideconnector105/lib/jackson-mapper-asl.jar</source>
            <destination>system/modules/com.mediaworx.opencms.ideconnector105/lib/jackson-mapper-asl.jar</destination>
            <type>binary</type>
            <uuidstructure>f725850c-1010-4373-a7ef-026fc6d0212e</uuidstructure>
            <uuidresource>6c92f15a-51dc-4453-a763-d094b56bc80f</uuidresource>
            <datelastmodified>Wed, 11 Aug 2021 22:33:57 GMT</datelastmodified>
            <userlastmodified>Admin</userlastmodified>
            <datecreated>Wed, 11 Aug 2021 22:33:57 GMT</datecreated>
            <usercreated>Admin</usercreated>
            <flags>0</flags>
            <properties/>
            <relations/>
            <accesscontrol/>
        </file>
        <file>
            <source>system/modules/com.mediaworx.opencms.ideconnector105/lib/jackson-annotations.jar</source>
            <destination>system/modules/com.mediaworx.opencms.ideconnector105/lib/jackson-annotations.jar</destination>
            <type>binary</type>
            <uuidstructure>0e22607c-5837-4256-ad04-d33620cd82f9</uuidstructure>
            <uuidresource>ce34e7e0-0b30-4eab-99c1-332a50071df4</uuidresource>
            <datelastmodified>Wed, 11 Aug 2021 22:33:57 GMT</datelastmodified>
            <userlastmodified>Admin</userlastmodified>
            <datecreated>Wed, 11 Aug 2021 22:33:57 GMT</datecreated>
            <usercreated>Admin</usercreated>
            <flags>0</flags>
            <properties/>
            <relations/>
            <accesscontrol/>
        </file>
        <file>
            <source>system/modules/com.mediaworx.opencms.ideconnector105/lib/jackson-module-mrbean.jar</source>
            <destination>system/modules/com.mediaworx.opencms.ideconnector105/lib/jackson-module-mrbean.jar</destination>
            <type>binary</type>
            <uuidstructure>76fe1ea7-6c68-4151-a77c-ac3a135d2c47</uuidstructure>
            <uuidresource>06f93ef3-f280-410e-a193-7d3cf4f4a33b</uuidresource>
            <datelastmodified>Wed, 11 Aug 2021 22:33:57 GMT</datelastmodified>
            <userlastmodified>Admin</userlastmodified>
            <datecreated>Wed, 11 Aug 2021 22:33:57 GMT</datecreated>
            <usercreated>Admin</usercreated>
            <flags>0</flags>
            <properties/>
            <relations/>
            <accesscontrol/>
        </file>
        <file>
            <source>system/modules/com.mediaworx.opencms.ideconnector105/lib/asm.jar</source>
            <destination>system/modules/com.mediaworx.opencms.ideconnector105/lib/asm.jar</destination>
            <type>binary</type>
            <uuidstructure>380cfe28-2e90-4c1c-8a1f-08c372871a07</uuidstructure>
            <uuidresource>f29e262f-fb34-4473-8b61-62aa24a9c943</uuidresource>
            <datelastmodified>Wed, 11 Aug 2021 22:33:57 GMT</datelastmodified>
            <userlastmodified>Admin</userlastmodified>
            <datecreated>Wed, 11 Aug 2021 22:33:57 GMT</datecreated>
            <usercreated>Admin</usercreated>
            <flags>0</flags>
            <properties/>
            <relations/>
            <accesscontrol/>
        </file>
        <file>
            <source>system/modules/com.mediaworx.opencms.ideconnector105/lib/jackson-databind.jar</source>
            <destination>system/modules/com.mediaworx.opencms.ideconnector105/lib/jackson-databind.jar</destination>
            <type>binary</type>
            <uuidstructure>e1fdc1f0-0371-4b09-bcb3-e19012820aca</uuidstructure>
            <uuidresource>dccd37f5-edfc-4d70-9032-c858f85e9a64</uuidresource>
            <datelastmodified>Wed, 11 Aug 2021 22:33:57 GMT</datelastmodified>
            <userlastmodified>Admin</userlastmodified>
            <datecreated>Wed, 11 Aug 2021 22:33:57 GMT</datecreated>
            <usercreated>Admin</usercreated>
            <flags>0</flags>
            <properties/>
            <relations/>
            <accesscontrol/>
        </file>
        <file>
            <source>system/modules/com.mediaworx.opencms.ideconnector105/lib/jackson-core.jar</source>
            <destination>system/modules/com.mediaworx.opencms.ideconnector105/lib/jackson-core.jar</destination>
            <type>binary</type>
            <uuidstructure>19b25ff1-c7ff-4e47-89ce-4f5b44549027</uuidstructure>
            <uuidresource>6ae5cf7f-b287-4e6f-a80f-735825023d5e</uuidresource>
            <datelastmodified>Wed, 11 Aug 2021 22:33:57 GMT</datelastmodified>
            <userlastmodified>Admin</userlastmodified>
            <datecreated>Wed, 11 Aug 2021 22:33:57 GMT</datecreated>
            <usercreated>Admin</usercreated>
            <flags>0</flags>
            <properties/>
            <relations/>
            <accesscontrol/>
        </file>
        <file>
            <source>system/modules/com.mediaworx.opencms.ideconnector105/lib/jackson-core-asl.jar</source>
            <destination>system/modules/com.mediaworx.opencms.ideconnector105/lib/jackson-core-asl.jar</destination>
            <type>binary</type>
            <uuidstructure>d0ec747c-4ca4-49be-af0f-9b43a17fc997</uuidstructure>
            <uuidresource>f8c0976a-195e-4e31-80ed-335f2f03c38e</uuidresource>
            <datelastmodified>Wed, 11 Aug 2021 22:33:57 GMT</datelastmodified>
            <userlastmodified>Admin</userlastmodified>
            <datecreated>Wed, 11 Aug 2021 22:33:57 GMT</datecreated>
            <usercreated>Admin</usercreated>
            <flags>0</flags>
            <properties/>
            <relations/>
            <accesscontrol/>
        </file>
        <file>
            <source>system/modules/com.mediaworx.opencms.ideconnector105/lib/jackson-jaxrs-json-provider.jar</source>
            <destination>system/modules/com.mediaworx.opencms.ideconnector105/lib/jackson-jaxrs-json-provider.jar</destination>
            <type>binary</type>
            <uuidstructure>2f179159-9a7e-4a9d-a26f-1e87c346e7dc</uuidstructure>
            <uuidresource>3829504c-0156-4714-b878-c2f70c1eccb0</uuidresource>
            <datelastmodified>Wed, 11 Aug 2021 22:33:57 GMT</datelastmodified>
            <userlastmodified>Admin</userlastmodified>
            <datecreated>Wed, 11 Aug 2021 22:33:57 GMT</datecreated>
            <usercreated>Admin</usercreated>
            <flags>0</flags>
            <properties/>
            <relations/>
            <accesscontrol/>
        </file>
        <file>
            <source>system/modules/com.mediaworx.opencms.ideconnector105/lib/ideconnector-common.jar</source>
            <destination>system/modules/com.mediaworx.opencms.ideconnector105/lib/ideconnector-common.jar</destination>
            <type>binary</type>
            <uuidstructure>75cf7107-bc03-4e6f-ad99-30b4c8cc23e6</uuidstructure>
            <uuidresource>77787eba-3bb0-4fdd-a11f-cfb16c72f2c7</uuidresource>
            <datelastmodified>Wed, 11 Aug 2021 22:33:57 GMT</datelastmodified>
            <userlastmodified>Admin</userlastmodified>
            <datecreated>Wed, 11 Aug 2021 22:33:57 GMT</datecreated>
            <usercreated>Admin</usercreated>
            <flags>0</flags>
            <properties/>
            <relations/>
            <accesscontrol/>
        </file>
        <file>
            <source>system/modules/com.mediaworx.opencms.ideconnector105/lib/jackson-module-jaxb-annotations.jar</source>
            <destination>system/modules/com.mediaworx.opencms.ideconnector105/lib/jackson-module-jaxb-annotations.jar</destination>
            <type>binary</type>
            <uuidstructure>ece556e2-99de-459d-ab8f-9cd8ba21ddcc</uuidstructure>
            <uuidresource>cdee4254-c3ce-4add-aeb4-492c4b098969</uuidresource>
            <datelastmodified>Wed, 11 Aug 2021 22:33:57 GMT</datelastmodified>
            <userlastmodified>Admin</userlastmodified>
            <datecreated>Wed, 11 Aug 2021 22:33:57 GMT</datecreated>
            <usercreated>Admin</usercreated>
            <flags>0</flags>
            <properties/>
            <relations/>
            <accesscontrol/>
        </file>
        <file>
            <source>system/modules/com.mediaworx.opencms.ideconnector105/lib/jackson-jaxrs-base.jar</source>
            <destination>system/modules/com.mediaworx.opencms.ideconnector105/lib/jackson-jaxrs-base.jar</destination>
            <type>binary</type>
            <uuidstructure>542690c8-dcee-412d-a46f-d46d4cb50d53</uuidstructure>
            <uuidresource>7c8eaa15-fae0-453d-ad81-5b4e1dd67457</uuidresource>
            <datelastmodified>Wed, 11 Aug 2021 22:33:57 GMT</datelastmodified>
            <userlastmodified>Admin</userlastmodified>
            <datecreated>Wed, 11 Aug 2021 22:33:57 GMT</datecreated>
            <usercreated>Admin</usercreated>
            <flags>0</flags>
            <properties/>
            <relations/>
            <accesscontrol/>
        </file>
        <file>
            <source>system/modules/com.mediaworx.opencms.ideconnector105/connector.jsp</source>
            <destination>system/modules/com.mediaworx.opencms.ideconnector105/connector.jsp</destination>
            <type>jsp</type>
            <uuidstructure>f1d9715b-b6bf-4fb1-ba6e-ffb87dd89fda</uuidstructure>
            <uuidresource>c0ff6fa1-0df5-495e-956f-afe6398c168c</uuidresource>
            <datelastmodified>Tue, 10 Aug 2021 17:59:33 GMT</datelastmodified>
            <userlastmodified>Admin</userlastmodified>
            <datecreated>Tue, 10 Aug 2021 17:59:33 GMT</datecreated>
            <usercreated>Admin</usercreated>
            <flags>0</flags>
            <properties>
                <property>
                    <name>content-encoding</name>
                    <value><![CDATA[UTF-8]]></value>
                </property>
                <property type="shared">
                    <name>export</name>
                    <value><![CDATA[false]]></value>
                </property>
            </properties>
            <relations/>
            <accesscontrol/>
        </file>
    </files>
</export>
