<?xml version="1.0" encoding="UTF-8"?>
<export>
    <info>
        <creator>Admin</creator>
        <opencms_version>13.0</opencms_version>
        <createdate>Mon, 29 Aug 2022 16:42:20 GMT</createdate>
        <infoproject>Offline</infoproject>
        <export_version>7</export_version>
    </info>
    <module>
        <name>com.mediaworx.opencms.ideconnector</name>
        <nicename>
            <![CDATA[Connector for IDEs]]>
        </nicename>
        <group>com.mediaworx.opencms</group>
        <class/>
        <export-mode name="default"/>
        <description>
            <![CDATA[Provides a connector for IDEs like IntelliJ, enables publishing functionality and provides meta data for VFS resources.]]>
        </description>
        <version>13.0</version>
        <authorname>
            <![CDATA[Kai Widmann]]>
        </authorname>
        <authoremail>
            <![CDATA[widmann@mediaworx.com]]>
        </authoremail>
        <datecreated/>
        <userinstalled/>
        <dateinstalled/>
        <dependencies/>
        <exportpoints>
            <exportpoint destination="WEB-INF/classes/" uri="/system/modules/com.mediaworx.opencms.ideconnector/classes/"/>
            <exportpoint destination="WEB-INF/lib/" uri="/system/modules/com.mediaworx.opencms.ideconnector/lib/"/>
        </exportpoints>
        <resources>
            <resource uri="/system/modules/com.mediaworx.opencms.ideconnector/"/>
        </resources>
        <excluderesources/>
        <parameters/>
    </module>
    <files>
        <file>
            <destination>system</destination>
            <type>folder</type>
            <uuidstructure>e9e3f668-b015-498e-a7be-dba5ca002180</uuidstructure>
            <datelastmodified>Mon, 28 Mar 2022 12:47:52 GMT</datelastmodified>
            <userlastmodified>Admin</userlastmodified>
            <datecreated>Mon, 28 Mar 2022 12:47:52 GMT</datecreated>
            <usercreated>Admin</usercreated>
            <flags>0</flags>
            <properties/>
            <relations/>
            <accesscontrol>
                <accessentry>
                    <uuidprincipal>ROLE.WORKPLACE_USER</uuidprincipal>
                    <flags>514</flags>
                    <permissionset>
                        <allowed>1</allowed>
                        <denied>0</denied>
                    </permissionset>
                </accessentry>
            </accesscontrol>
        </file>
        <file>
            <destination>system/modules</destination>
            <type>folder</type>
            <uuidstructure>1cb6c6ca-a4c7-4c37-9e38-5662ddf606ec</uuidstructure>
            <datelastmodified>Mon, 28 Mar 2022 12:47:52 GMT</datelastmodified>
            <userlastmodified>Admin</userlastmodified>
            <datecreated>Mon, 28 Mar 2022 12:47:52 GMT</datecreated>
            <usercreated>Admin</usercreated>
            <flags>0</flags>
            <properties/>
            <relations/>
            <accesscontrol>
                <accessentry>
                    <uuidprincipal>ROLE.WORKPLACE_USER</uuidprincipal>
                    <flags>514</flags>
                    <permissionset>
                        <allowed>5</allowed>
                        <denied>0</denied>
                    </permissionset>
                </accessentry>
            </accesscontrol>
        </file>
        <file>
            <destination>system/modules/com.mediaworx.opencms.ideconnector</destination>
            <type>folder</type>
            <uuidstructure>f7a93528-e239-4321-a353-fe5e73210da7</uuidstructure>
            <datelastmodified>Mon, 28 Mar 2022 12:47:52 GMT</datelastmodified>
            <userlastmodified>Admin</userlastmodified>
            <datecreated>Mon, 28 Mar 2022 12:47:52 GMT</datecreated>
            <usercreated>Admin</usercreated>
            <flags>0</flags>
            <properties/>
            <relations/>
            <accesscontrol/>
        </file>
        <file>
            <destination>system/modules/com.mediaworx.opencms.ideconnector/classes</destination>
            <type>folder</type>
            <uuidstructure>db1b5e9f-ebf8-4e65-8d9e-f852ea6b6f85</uuidstructure>
            <datelastmodified>Mon, 28 Mar 2022 12:47:52 GMT</datelastmodified>
            <userlastmodified>Admin</userlastmodified>
            <datecreated>Mon, 28 Mar 2022 12:47:52 GMT</datecreated>
            <usercreated>Admin</usercreated>
            <flags>0</flags>
            <properties/>
            <relations/>
            <accesscontrol/>
        </file>
        <file>
            <destination>system/modules/com.mediaworx.opencms.ideconnector/classes/com</destination>
            <type>folder</type>
            <uuidstructure>5aad6e9b-4d61-4a6e-b221-7ed6a50bd0f5</uuidstructure>
            <datelastmodified>Mon, 28 Mar 2022 12:47:52 GMT</datelastmodified>
            <userlastmodified>Admin</userlastmodified>
            <datecreated>Mon, 28 Mar 2022 12:47:52 GMT</datecreated>
            <usercreated>Admin</usercreated>
            <flags>0</flags>
            <properties/>
            <relations/>
            <accesscontrol/>
        </file>
        <file>
            <destination>system/modules/com.mediaworx.opencms.ideconnector/classes/com/mediaworx</destination>
            <type>folder</type>
            <uuidstructure>57bd4ae5-246f-4cbb-b757-945becfb2fe8</uuidstructure>
            <datelastmodified>Mon, 28 Mar 2022 12:47:52 GMT</datelastmodified>
            <userlastmodified>Admin</userlastmodified>
            <datecreated>Mon, 28 Mar 2022 12:47:52 GMT</datecreated>
            <usercreated>Admin</usercreated>
            <flags>0</flags>
            <properties/>
            <relations/>
            <accesscontrol/>
        </file>
        <file>
            <destination>system/modules/com.mediaworx.opencms.ideconnector/classes/com/mediaworx/opencms</destination>
            <type>folder</type>
            <uuidstructure>bc371176-b127-4a2a-b87b-21d10dfb7e65</uuidstructure>
            <datelastmodified>Mon, 28 Mar 2022 12:47:52 GMT</datelastmodified>
            <userlastmodified>Admin</userlastmodified>
            <datecreated>Mon, 28 Mar 2022 12:47:52 GMT</datecreated>
            <usercreated>Admin</usercreated>
            <flags>0</flags>
            <properties/>
            <relations/>
            <accesscontrol/>
        </file>
        <file>
            <destination>system/modules/com.mediaworx.opencms.ideconnector/classes/com/mediaworx/opencms/ideconnector</destination>
            <type>folder</type>
            <uuidstructure>d1f6fbaa-e324-432e-b0ff-93e250687a2e</uuidstructure>
            <datelastmodified>Mon, 28 Mar 2022 12:47:52 GMT</datelastmodified>
            <userlastmodified>Admin</userlastmodified>
            <datecreated>Mon, 28 Mar 2022 12:47:52 GMT</datecreated>
            <usercreated>Admin</usercreated>
            <flags>0</flags>
            <properties/>
            <relations/>
            <accesscontrol/>
        </file>
        <file>
            <source>system/modules/com.mediaworx.opencms.ideconnector/classes/com/mediaworx/opencms/ideconnector/MetaXmlHelper.class</source>
            <destination>system/modules/com.mediaworx.opencms.ideconnector/classes/com/mediaworx/opencms/ideconnector/MetaXmlHelper.class</destination>
            <type>binary</type>
            <uuidstructure>368ded93-c5d8-4c79-b31a-2d6845a15aa2</uuidstructure>
            <uuidresource>febeb73d-7ece-44a3-908f-7d94231299c3</uuidresource>
            <datelastmodified>Mon, 29 Aug 2022 16:33:14 GMT</datelastmodified>
            <userlastmodified>Admin</userlastmodified>
            <datecreated>Mon, 29 Aug 2022 16:33:14 GMT</datecreated>
            <usercreated>Admin</usercreated>
            <flags>0</flags>
            <properties/>
            <relations/>
            <accesscontrol/>
        </file>
        <file>
            <destination>system/modules/com.mediaworx.opencms.ideconnector/classes/com/mediaworx/opencms/ideconnector/service</destination>
            <type>folder</type>
            <uuidstructure>bb4f20b3-c0d2-44e5-8363-b76c964c7909</uuidstructure>
            <datelastmodified>Mon, 28 Mar 2022 12:47:52 GMT</datelastmodified>
            <userlastmodified>Admin</userlastmodified>
            <datecreated>Mon, 28 Mar 2022 12:47:52 GMT</datecreated>
            <usercreated>Admin</usercreated>
            <flags>0</flags>
            <properties/>
            <relations/>
            <accesscontrol/>
        </file>
        <file>
            <source>system/modules/com.mediaworx.opencms.ideconnector/classes/com/mediaworx/opencms/ideconnector/service/IDEConnectorService.class</source>
            <destination>system/modules/com.mediaworx.opencms.ideconnector/classes/com/mediaworx/opencms/ideconnector/service/IDEConnectorService.class</destination>
            <type>binary</type>
            <uuidstructure>64559e9a-9154-4462-9136-d9bca4828733</uuidstructure>
            <uuidresource>52d0f40c-8a2f-4a5b-8f57-1eda531cc932</uuidresource>
            <datelastmodified>Mon, 29 Aug 2022 16:33:14 GMT</datelastmodified>
            <userlastmodified>Admin</userlastmodified>
            <datecreated>Mon, 29 Aug 2022 16:33:14 GMT</datecreated>
            <usercreated>Admin</usercreated>
            <flags>0</flags>
            <properties/>
            <relations/>
            <accesscontrol/>
        </file>
        <file>
            <source>system/modules/com.mediaworx.opencms.ideconnector/classes/com/mediaworx/opencms/ideconnector/OpenCmsIDEConnector.class</source>
            <destination>system/modules/com.mediaworx.opencms.ideconnector/classes/com/mediaworx/opencms/ideconnector/OpenCmsIDEConnector.class</destination>
            <type>binary</type>
            <uuidstructure>f957321b-1a34-47d6-aa84-43f7f552125d</uuidstructure>
            <uuidresource>f2c786df-414f-4583-b426-c513b0456907</uuidresource>
            <datelastmodified>Mon, 29 Aug 2022 16:33:14 GMT</datelastmodified>
            <userlastmodified>Admin</userlastmodified>
            <datecreated>Mon, 29 Aug 2022 16:33:14 GMT</datecreated>
            <usercreated>Admin</usercreated>
            <flags>0</flags>
            <properties/>
            <relations/>
            <accesscontrol/>
        </file>
        <file>
            <source>system/modules/com.mediaworx.opencms.ideconnector/test.html</source>
            <destination>system/modules/com.mediaworx.opencms.ideconnector/test.html</destination>
            <type>plain</type>
            <uuidstructure>8acd91f5-4cc6-4abf-b064-5c0881cc7775</uuidstructure>
            <uuidresource>5551dced-e49a-4b10-800f-2f02b4b6b831</uuidresource>
            <datelastmodified>Mon, 28 Mar 2022 12:47:53 GMT</datelastmodified>
            <userlastmodified>Admin</userlastmodified>
            <datecreated>Mon, 28 Mar 2022 12:47:53 GMT</datecreated>
            <usercreated>Admin</usercreated>
            <flags>0</flags>
            <properties/>
            <relations/>
            <accesscontrol/>
        </file>
        <file>
            <destination>system/modules/com.mediaworx.opencms.ideconnector/lib</destination>
            <type>folder</type>
            <uuidstructure>3cf82e13-d667-4428-ade9-63ba9e72e493</uuidstructure>
            <datelastmodified>Mon, 29 Aug 2022 16:38:08 GMT</datelastmodified>
            <userlastmodified>Admin</userlastmodified>
            <datecreated>Mon, 29 Aug 2022 16:38:08 GMT</datecreated>
            <usercreated>Admin</usercreated>
            <flags>0</flags>
            <properties/>
            <relations/>
            <accesscontrol/>
        </file>
        <file>
            <source>system/modules/com.mediaworx.opencms.ideconnector/lib/jackson-module-mrbean.jar</source>
            <destination>system/modules/com.mediaworx.opencms.ideconnector/lib/jackson-module-mrbean.jar</destination>
            <type>binary</type>
            <uuidstructure>d75674a0-4737-4c6a-81cc-71a64378754e</uuidstructure>
            <uuidresource>36cb3811-6598-4973-8232-55894eb211e1</uuidresource>
            <datelastmodified>Mon, 29 Aug 2022 16:42:20 GMT</datelastmodified>
            <userlastmodified>Admin</userlastmodified>
            <datecreated>Mon, 29 Aug 2022 16:42:20 GMT</datecreated>
            <usercreated>Admin</usercreated>
            <flags>0</flags>
            <properties/>
            <relations/>
            <accesscontrol/>
        </file>
        <file>
            <source>system/modules/com.mediaworx.opencms.ideconnector/lib/asm.jar</source>
            <destination>system/modules/com.mediaworx.opencms.ideconnector/lib/asm.jar</destination>
            <type>binary</type>
            <uuidstructure>ce1bfd75-c8b0-40f8-a2f7-3c48e10cd3ff</uuidstructure>
            <uuidresource>4b0a0095-33a1-4575-9b95-d3a14ff80187</uuidresource>
            <datelastmodified>Mon, 28 Mar 2022 12:47:53 GMT</datelastmodified>
            <userlastmodified>Admin</userlastmodified>
            <datecreated>Mon, 28 Mar 2022 12:47:53 GMT</datecreated>
            <usercreated>Admin</usercreated>
            <flags>0</flags>
            <properties/>
            <relations/>
            <accesscontrol/>
        </file>
        <file>
            <source>system/modules/com.mediaworx.opencms.ideconnector/lib/jackson-jaxrs-json-provider.jar</source>
            <destination>system/modules/com.mediaworx.opencms.ideconnector/lib/jackson-jaxrs-json-provider.jar</destination>
            <type>binary</type>
            <uuidstructure>5c83d3e3-1d2c-43c5-8668-112cf431304a</uuidstructure>
            <uuidresource>21af0221-414a-428c-a792-45b11e669a6b</uuidresource>
            <datelastmodified>Mon, 29 Aug 2022 16:42:20 GMT</datelastmodified>
            <userlastmodified>Admin</userlastmodified>
            <datecreated>Mon, 29 Aug 2022 16:42:20 GMT</datecreated>
            <usercreated>Admin</usercreated>
            <flags>0</flags>
            <properties/>
            <relations/>
            <accesscontrol/>
        </file>
        <file>
            <source>system/modules/com.mediaworx.opencms.ideconnector/lib/ideconnector-common.jar</source>
            <destination>system/modules/com.mediaworx.opencms.ideconnector/lib/ideconnector-common.jar</destination>
            <type>binary</type>
            <uuidstructure>d8684a3e-1558-40e7-b7b4-58d186c3a729</uuidstructure>
            <uuidresource>a0a4c56b-8a9e-49c4-b8bc-77d8a62bb80c</uuidresource>
            <datelastmodified>Mon, 29 Aug 2022 16:42:20 GMT</datelastmodified>
            <userlastmodified>Admin</userlastmodified>
            <datecreated>Mon, 29 Aug 2022 16:42:20 GMT</datecreated>
            <usercreated>Admin</usercreated>
            <flags>0</flags>
            <properties/>
            <relations/>
            <accesscontrol/>
        </file>
        <file>
            <source>system/modules/com.mediaworx.opencms.ideconnector/lib/jackson-module-jaxb-annotations.jar</source>
            <destination>system/modules/com.mediaworx.opencms.ideconnector/lib/jackson-module-jaxb-annotations.jar</destination>
            <type>binary</type>
            <uuidstructure>1b70b1b0-43dc-420d-8c3a-94c1a7b1a5a4</uuidstructure>
            <uuidresource>cb901a3e-3b9d-4bae-bbf8-90b0a707f8fa</uuidresource>
            <datelastmodified>Mon, 29 Aug 2022 16:42:20 GMT</datelastmodified>
            <userlastmodified>Admin</userlastmodified>
            <datecreated>Mon, 29 Aug 2022 16:42:20 GMT</datecreated>
            <usercreated>Admin</usercreated>
            <flags>0</flags>
            <properties/>
            <relations/>
            <accesscontrol/>
        </file>
        <file>
            <source>system/modules/com.mediaworx.opencms.ideconnector/lib/jackson-jaxrs-base.jar</source>
            <destination>system/modules/com.mediaworx.opencms.ideconnector/lib/jackson-jaxrs-base.jar</destination>
            <type>binary</type>
            <uuidstructure>1aed7946-810e-4c05-8d06-558cc9dbc3b4</uuidstructure>
            <uuidresource>03dd166b-6e8b-4e0a-9355-6fe8b68d0fa3</uuidresource>
            <datelastmodified>Mon, 29 Aug 2022 16:42:20 GMT</datelastmodified>
            <userlastmodified>Admin</userlastmodified>
            <datecreated>Mon, 29 Aug 2022 16:42:20 GMT</datecreated>
            <usercreated>Admin</usercreated>
            <flags>0</flags>
            <properties/>
            <relations/>
            <accesscontrol/>
        </file>
        <file>
            <source>system/modules/com.mediaworx.opencms.ideconnector/connector.jsp</source>
            <destination>system/modules/com.mediaworx.opencms.ideconnector/connector.jsp</destination>
            <type>jsp</type>
            <uuidstructure>8d6284d9-9025-441b-99a4-7df3a0614ebe</uuidstructure>
            <uuidresource>48c0ac7e-03c2-4918-ae9a-dd71b28f8cbd</uuidresource>
            <datelastmodified>Mon, 28 Mar 2022 12:47:52 GMT</datelastmodified>
            <userlastmodified>Admin</userlastmodified>
            <datecreated>Mon, 28 Mar 2022 12:47:52 GMT</datecreated>
            <usercreated>Admin</usercreated>
            <flags>0</flags>
            <properties>
                <property>
                    <name>content-encoding</name>
                    <value>
                        <![CDATA[UTF-8]]>
                    </value>
                </property>
                <property type="shared">
                    <name>export</name>
                    <value>
                        <![CDATA[false]]>
                    </value>
                </property>
            </properties>
            <relations/>
            <accesscontrol/>
        </file>
    </files>
</export>
